GP21,,,,
BookingReference,Created Date,Reference,Attendee Status,Attended
B816298,06/02/2020,A883509,Attending,Yes
B816298,06/02/2020,A883510,Attending,Yes
B893470,21/10/2020,A961305,Attending,Yes
B893472,21/10/2020,A961307,Attending,Yes
B893474,21/10/2020,A961309,Attending,Yes
B893475,21/10/2020,A961310,Attending,Yes
B893476,21/10/2020,A961311,Attending,Yes
B893477,21/10/2020,A961312,Attending,Yes
B893478,21/10/2020,A961313,Attending,Yes
B893482,21/10/2020,A961317,Cancelled,Yes
B893485,21/10/2020,A961320,Attending,Yes
B893487,21/10/2020,A961322,Attending,Yes
B893489,21/10/2020,A961324,Attending,Yes
B893490,21/10/2020,A961325,Attending,Yes
B893492,21/10/2020,A961327,Attending,Yes
B893494,21/10/2020,A961329,Attending,Yes
B893497,21/10/2020,A961332,Attending,Yes
B893498,21/10/2020,A961333,Attending,Yes
B893499,21/10/2020,A961334,Attending,Yes
B893502,21/10/2020,A961337,Attending,Yes
B893503,21/10/2020,A961338,Attending,Yes
B893504,21/10/2020,A961339,Attending,Yes
B893507,21/10/2020,A961342,Attending,Yes
B893508,21/10/2020,A961343,Attending,Yes
B893509,21/10/2020,A961344,Attending,Yes
B893510,21/10/2020,A961345,Attending,Yes
B893510,21/10/2020,A961346,Cancelled,Yes
B893510,21/10/2020,A961347,Attending,Yes
B893512,21/10/2020,A961349,Attending,Yes
B893517,21/10/2020,A961354,Attending,Yes
B893518,21/10/2020,A961355,Attending,Yes
B893519,21/10/2020,A961356,Attending,Yes
B893521,21/10/2020,A961358,Attending,Yes
B893526,21/10/2020,A961363,Attending,Yes
B893527,21/10/2020,A961364,Attending,Yes
B893528,21/10/2020,A961365,Attending,Yes
B893529,21/10/2020,A961366,Attending,Yes
B893529,21/10/2020,A961367,Attending,Yes
B893530,21/10/2020,A961368,Attending,Yes
B893531,21/10/2020,A961369,Attending,Yes
B893533,21/10/2020,A961371,Attending,Yes
B893535,21/10/2020,A961373,Attending,Yes
B893537,21/10/2020,A961375,Attending,Yes
B893539,21/10/2020,A961377,Attending,Yes
B893545,21/10/2020,A961383,Attending,Yes
B893545,21/10/2020,A961384,Attending,Yes
B893555,21/10/2020,A961394,Attending,Yes
B893558,21/10/2020,A961397,Attending,Yes
B893559,21/10/2020,A961398,Cancelled,Yes
B893565,21/10/2020,A961404,Attending,Yes
B893573,21/10/2020,A961412,Attending,Yes
B893579,21/10/2020,A961418,Attending,Yes
B893580,21/10/2020,A961419,Attending,Yes
B893581,21/10/2020,A961420,Attending,Yes
B893584,21/10/2020,A961423,Attending,Yes
B893587,21/10/2020,A961426,Attending,Yes
B893591,21/10/2020,A961430,Attending,Yes
B893601,21/10/2020,A961440,Attending,Yes
B893603,21/10/2020,A961442,Attending,Yes
B893610,21/10/2020,A961449,Attending,Yes
B893623,21/10/2020,A961462,Attending,Yes
B893626,21/10/2020,A961465,Attending,Yes
B893629,21/10/2020,A961468,Attending,Yes
B893632,21/10/2020,A961471,Attending,Yes
B893656,21/10/2020,A961495,Attending,Yes
B893669,21/10/2020,A961508,Attending,Yes
B893688,21/10/2020,A961527,Attending,Yes
B893691,21/10/2020,A961530,Cancelled,Yes
B893691,21/10/2020,A961531,Attending,Yes
B893704,21/10/2020,A961544,Attending,Yes
B893717,21/10/2020,A961557,Attending,Yes
B893731,21/10/2020,A961571,Attending,Yes
B893801,21/10/2020,A961641,Attending,Yes
B893849,21/10/2020,A961689,Attending,Yes
B893952,22/10/2020,A961792,Attending,Yes
B893957,22/10/2020,A961797,Attending,Yes
B893975,22/10/2020,A961815,Attending,Yes
B893992,22/10/2020,A961832,Attending,Yes
B894004,22/10/2020,A961844,Attending,Yes
B894006,22/10/2020,A961846,Attending,Yes
B894007,22/10/2020,A961847,Attending,Yes
B894015,22/10/2020,A961855,Attending,Yes
B894026,22/10/2020,A961866,Attending,Yes
B894032,22/10/2020,A961872,Attending,Yes
B894032,22/10/2020,A961873,Cancelled,Yes
B894177,22/10/2020,A962018,Attending,Yes
B894231,22/10/2020,A962073,Attending,Yes
B894234,22/10/2020,A962075,Attending,Yes
B894237,22/10/2020,A962078,Attending,Yes
B894560,23/10/2020,A962401,Attending,Yes
B894569,23/10/2020,A962410,Attending,Yes
B894572,23/10/2020,A962413,Attending,Yes
B894596,23/10/2020,A962437,Attending,Yes
B895321,26/10/2020,A963162,Attending,Yes
B895340,26/10/2020,A963181,Attending,Yes
B895409,26/10/2020,A963250,Attending,Yes
B896843,28/10/2020,A964687,Attending,Yes
B896973,28/10/2020,A964817,Attending,Yes
B896976,28/10/2020,A964820,Attending,Yes
B896978,28/10/2020,A964822,Attending,Yes
B897126,28/10/2020,A964970,Attending,Yes
B897184,28/10/2020,A965028,Attending,Yes
B898630,02/11/2020,A966475,Attending,Yes
B899780,04/11/2020,A967625,Attending,Yes
B900457,05/11/2020,A968302,Attending,Yes
B900823,06/11/2020,A968668,Attending,Yes
B900865,06/11/2020,A968710,Attending,Yes
B900938,06/11/2020,A968783,Attending,Yes
B900950,06/11/2020,A968795,Attending,Yes
B900967,06/11/2020,A968812,Attending,Yes
B901880,09/11/2020,A969725,Attending,Yes
B907469,19/11/2020,A975319,Attending,Yes
B911379,29/11/2020,A979232,Attending,Yes
B911975,01/12/2020,A979830,Attending,Yes
B911979,01/12/2020,A979834,Attending,Yes
B911995,01/12/2020,A979850,Attending,Yes
B912087,01/12/2020,A979942,Attending,Yes
B912346,02/12/2020,A980201,Attending,Yes
B913562,07/12/2020,A981423,Attending,Yes
B915167,15/12/2020,A983029,Attending,Yes
B916184,29/12/2020,A984046,Attending,Yes
B916184,29/12/2020,A984047,Attending,Yes
B916560,04/01/2021,A984423,Attending,Yes
B922878,14/01/2021,A990754,Attending,Yes
B922880,14/01/2021,A990756,Attending,Yes
B922884,14/01/2021,A990760,Attending,Yes
B922886,14/01/2021,A990762,Attending,Yes
B922896,14/01/2021,A990772,Attending,Yes
B922931,14/01/2021,A990807,Attending,Yes
B922948,14/01/2021,A990824,Attending,Yes
B922977,14/01/2021,A990853,Attending,Yes
B923013,14/01/2021,A990889,Attending,Yes
B923093,14/01/2021,A990969,Attending,Yes
B923220,14/01/2021,A991098,Attending,Yes
B923301,14/01/2021,A991179,Attending,Yes
B924222,15/01/2021,A992100,Attending,Yes
B924303,15/01/2021,A992181,Attending,Yes
B925007,18/01/2021,A992885,Attending,Yes
B925045,18/01/2021,A992923,Attending,Yes
B926117,19/01/2021,A994000,Attending,Yes
B926161,19/01/2021,A994045,Attending,Yes
B927468,21/01/2021,A995356,Attending,Yes
B929759,25/01/2021,A997647,Attending,Yes
B933737,30/01/2021,A1001642,Attending,Yes
B934561,01/02/2021,A1002466,Attending,Yes
B934573,01/02/2021,A1002478,Attending,Yes
B934583,01/02/2021,A1002488,Attending,Yes
B934603,01/02/2021,A1002508,Attending,Yes
B934614,01/02/2021,A1002519,Attending,Yes
B934743,01/02/2021,A1002648,Attending,Yes
B934811,02/02/2021,A1002716,Attending,Yes
B934813,02/02/2021,A1002718,Attending,Yes
B934818,02/02/2021,A1002723,Attending,Yes
B934852,02/02/2021,A1002757,Attending,Yes
B934853,02/02/2021,A1002758,Attending,Yes
B934861,02/02/2021,A1002766,Attending,Yes
B934866,02/02/2021,A1002771,Attending,Yes
B934873,02/02/2021,A1002778,Attending,Yes
B934874,02/02/2021,A1002779,Attending,Yes
B934891,02/02/2021,A1002796,Attending,Yes
B935121,02/02/2021,A1003028,Attending,Yes
B935156,02/02/2021,A1003063,Attending,Yes
B935515,03/02/2021,A1003426,Attending,Yes
B935547,03/02/2021,A1003458,Attending,Yes
B935661,03/02/2021,A1003572,Attending,Yes
B937747,07/02/2021,A1005669,Attending,Yes
B937963,08/02/2021,A1005887,Attending,Yes
B941240,15/02/2021,A1009174,Attending,Yes
B941264,15/02/2021,A1009198,Attending,Yes
B941270,15/02/2021,A1009204,Attending,Yes
B941274,15/02/2021,A1009208,Attending,Yes
B941303,15/02/2021,A1009237,Attending,Yes
B941306,15/02/2021,A1009240,Attending,Yes
B941389,15/02/2021,A1009323,Attending,Yes
B941398,15/02/2021,A1009332,Attending,Yes
B941399,15/02/2021,A1009333,Attending,Yes
B941406,15/02/2021,A1009340,Attending,Yes
B941421,15/02/2021,A1009355,Attending,Yes
B941423,15/02/2021,A1009357,Attending,Yes
B941430,15/02/2021,A1009364,Attending,Yes
B941432,15/02/2021,A1009366,Attending,Yes
B941485,15/02/2021,A1009419,Attending,Yes
B941487,15/02/2021,A1009421,Attending,Yes
B941491,15/02/2021,A1009425,Attending,Yes
B941498,15/02/2021,A1009432,Attending,Yes
B941514,15/02/2021,A1009448,Attending,Yes
B941526,15/02/2021,A1009460,Attending,Yes
B941554,15/02/2021,A1009488,Attending,Yes
B941576,15/02/2021,A1009510,Attending,Yes
B941609,15/02/2021,A1009543,Attending,Yes
B941623,15/02/2021,A1009557,Attending,Yes
B941639,15/02/2021,A1009573,Attending,Yes
B941653,15/02/2021,A1009587,Attending,Yes
B941670,15/02/2021,A1009604,Attending,Yes
B942008,16/02/2021,A1009942,Attending,Yes
B942052,16/02/2021,A1009986,Attending,Yes
B942072,16/02/2021,A1010006,Attending,Yes
B942078,16/02/2021,A1010012,Attending,Yes
B942098,16/02/2021,A1010032,Attending,Yes
B942294,16/02/2021,A1010228,Attending,Yes
B942372,16/02/2021,A1010306,Attending,Yes
B942634,16/02/2021,A1010570,Attending,Yes
B942952,17/02/2021,A1010888,Attending,Yes
B942982,17/02/2021,A1010918,Attending,Yes
B943107,17/02/2021,A1011044,Attending,Yes
B943295,17/02/2021,A1011234,Attending,Yes
B943300,17/02/2021,A1011239,Attending,Yes
B943680,18/02/2021,A1011621,Attending,Yes
B943719,18/02/2021,A1011660,Attending,Yes
B943722,18/02/2021,A1011663,Attending,Yes
B943722,18/02/2021,A1011664,Attending,Yes
B943746,18/02/2021,A1011688,Attending,Yes
B943751,18/02/2021,A1011693,Attending,Yes
B943763,18/02/2021,A1011705,Attending,Yes
B943795,18/02/2021,A1011738,Attending,Yes
B943803,18/02/2021,A1011746,Attending,Yes
B944674,19/02/2021,A1012627,Attending,Yes
B944713,19/02/2021,A1012666,Attending,Yes
B944839,19/02/2021,A1012793,Attending,Yes
B945319,20/02/2021,A1013274,Attending,Yes
B945713,22/02/2021,A1013670,Attending,Yes
B945719,22/02/2021,A1013676,Attending,Yes
B945724,22/02/2021,A1013681,Attending,Yes
B945731,22/02/2021,A1013688,Attending,Yes
B945764,22/02/2021,A1013721,Attending,Yes
B945790,22/02/2021,A1013748,Attending,Yes
B945864,22/02/2021,A1013823,Attending,Yes
B946203,22/02/2021,A1014165,Attending,Yes
B946500,23/02/2021,A1014462,Attending,Yes
B947263,24/02/2021,A1015228,Attending,Yes
B949100,26/02/2021,A1017078,Attending,Yes
B949763,01/03/2021,A1017742,Attending,Yes
B949795,01/03/2021,A1017774,Attending,Yes
B950096,01/03/2021,A1018075,Attending,Yes
B950163,01/03/2021,A1018142,Attending,Yes
B950581,02/03/2021,A1018560,Attending,Yes
B950668,02/03/2021,A1018647,Attending,Yes
B950668,02/03/2021,A1018648,Attending,Yes
B950670,02/03/2021,A1018650,Attending,Yes
B950671,02/03/2021,A1018651,Attending,Yes
B950673,02/03/2021,A1018653,Attending,Yes
B950674,02/03/2021,A1018654,Attending,Yes
B950677,02/03/2021,A1018657,Attending,Yes
B950684,02/03/2021,A1018664,Attending,Yes
B950686,02/03/2021,A1018666,Attending,Yes
B950694,02/03/2021,A1018674,Attending,Yes
B950696,02/03/2021,A1018676,Attending,Yes
B950700,02/03/2021,A1018680,Attending,Yes
B950701,02/03/2021,A1018681,Cancelled,Yes
B950706,02/03/2021,A1018686,Attending,Yes
B950709,02/03/2021,A1018689,Attending,Yes
B950711,02/03/2021,A1018691,Attending,Yes
B950712,02/03/2021,A1018692,Attending,Yes
B950715,02/03/2021,A1018695,Attending,Yes
B950718,02/03/2021,A1018698,Attending,Yes
B950719,02/03/2021,A1018699,Attending,Yes
B950726,02/03/2021,A1018706,Attending,Yes
B950730,02/03/2021,A1018710,Attending,Yes
B950741,02/03/2021,A1018721,Attending,Yes
B950746,02/03/2021,A1018726,Attending,Yes
B950762,02/03/2021,A1018742,Attending,Yes
B950780,02/03/2021,A1018760,Attending,Yes
B950781,02/03/2021,A1018761,Attending,Yes
B950792,02/03/2021,A1018772,Attending,Yes
B950796,02/03/2021,A1018776,Attending,Yes
B950796,02/03/2021,A1018777,Attending,Yes
B950803,02/03/2021,A1018784,Attending,Yes
B950810,02/03/2021,A1018791,Attending,Yes
B950812,02/03/2021,A1018793,Attending,Yes
B950814,02/03/2021,A1018795,Attending,Yes
B950821,02/03/2021,A1018802,Attending,Yes
B950822,02/03/2021,A1018803,Attending,Yes
B950824,02/03/2021,A1018805,Attending,Yes
B950825,02/03/2021,A1018806,Attending,Yes
B950831,02/03/2021,A1018812,Attending,Yes
B950835,02/03/2021,A1018816,Attending,Yes
B950842,02/03/2021,A1018823,Attending,Yes
B950848,02/03/2021,A1018829,Attending,Yes
B950853,02/03/2021,A1018834,Attending,Yes
B950856,02/03/2021,A1018837,Attending,Yes
B950860,02/03/2021,A1018841,Attending,Yes
B950864,02/03/2021,A1018845,Attending,Yes
B950879,02/03/2021,A1018860,Attending,Yes
B950914,02/03/2021,A1018896,Attending,Yes
B950938,02/03/2021,A1018920,Attending,Yes
B950939,02/03/2021,A1018921,Attending,Yes
B950943,02/03/2021,A1018925,Attending,Yes
B950981,02/03/2021,A1018965,Attending,Yes
B951055,02/03/2021,A1019042,Attending,Yes
B951062,02/03/2021,A1019049,Attending,Yes
B951083,02/03/2021,A1019070,Attending,Yes
B951096,02/03/2021,A1019083,Attending,Yes
B951113,02/03/2021,A1019100,Attending,Yes
B951316,03/03/2021,A1019303,Attending,Yes
B951319,03/03/2021,A1019306,Attending,Yes
B951324,03/03/2021,A1019311,Attending,Yes
B951369,03/03/2021,A1019358,Attending,Yes
B951392,03/03/2021,A1019381,Attending,Yes
B951392,03/03/2021,A1019382,Attending,Yes
B951408,03/03/2021,A1019398,Attending,Yes
B951459,03/03/2021,A1019449,Attending,Yes
B951460,03/03/2021,A1019450,Attending,Yes
B951606,03/03/2021,A1019596,Attending,Yes
B951704,03/03/2021,A1019699,Attending,Yes
B951837,03/03/2021,A1019838,Attending,Yes
B951895,03/03/2021,A1019898,Attending,Yes
B951926,03/03/2021,A1019929,Attending,Yes
B951947,03/03/2021,A1019950,Attending,Yes
B952051,04/03/2021,A1020054,Attending,Yes
B952118,04/03/2021,A1020123,Attending,Yes
B952156,04/03/2021,A1020161,Attending,Yes
B952170,04/03/2021,A1020175,Attending,Yes
B952194,04/03/2021,A1020199,Attending,Yes
B952210,04/03/2021,A1020215,Attending,Yes
B952297,04/03/2021,A1020303,Attending,Yes
B952299,04/03/2021,A1020305,Attending,Yes
B952364,04/03/2021,A1020370,Attending,Yes
B952391,04/03/2021,A1020397,Attending,Yes
B952403,04/03/2021,A1020409,Attending,Yes
B952579,04/03/2021,A1020585,Attending,Yes
B952596,04/03/2021,A1020602,Attending,Yes
B952632,04/03/2021,A1020638,Attending,Yes
B952676,04/03/2021,A1020682,Attending,Yes
B952677,04/03/2021,A1020683,Attending,Yes
B952691,04/03/2021,A1020697,Attending,Yes
B952695,04/03/2021,A1020701,Attending,Yes
B952720,04/03/2021,A1020726,Attending,Yes
B952846,04/03/2021,A1020852,Attending,Yes
B952988,05/03/2021,A1020994,Attending,Yes
B952994,05/03/2021,A1021000,Attending,Yes
B953012,05/03/2021,A1021018,Attending,Yes
B953013,05/03/2021,A1021019,Attending,Yes
B953021,05/03/2021,A1021027,Attending,Yes
B953024,05/03/2021,A1021030,Attending,Yes
B953025,05/03/2021,A1021031,Attending,Yes
B953026,05/03/2021,A1021032,Attending,Yes
B953027,05/03/2021,A1021033,Attending,Yes
B953041,05/03/2021,A1021048,Attending,Yes
B953049,05/03/2021,A1021056,Attending,Yes
B953080,05/03/2021,A1021087,Attending,Yes
B953086,05/03/2021,A1021093,Attending,Yes
B953094,05/03/2021,A1021101,Attending,Yes
B953195,05/03/2021,A1021204,Attending,Yes
B953205,05/03/2021,A1021214,Attending,Yes
B953238,05/03/2021,A1021247,Attending,Yes
B953238,05/03/2021,A1021248,Attending,Yes
B953261,05/03/2021,A1021271,Attending,Yes
B953269,05/03/2021,A1021279,Attending,Yes
B953291,05/03/2021,A1021301,Attending,Yes
B953325,05/03/2021,A1021335,Attending,Yes
B953346,05/03/2021,A1021357,Attending,Yes
B953353,05/03/2021,A1021364,Attending,Yes
B953444,05/03/2021,A1021455,Attending,Yes
B954048,08/03/2021,A1022065,Attending,Yes
B954094,08/03/2021,A1022111,Attending,Yes
B954122,08/03/2021,A1022139,Attending,Yes
B954133,08/03/2021,A1022150,Attending,Yes
B954229,08/03/2021,A1022248,Attending,Yes
B954392,08/03/2021,A1022412,Attending,Yes
B954398,08/03/2021,A1022418,Attending,Yes
B954653,08/03/2021,A1022674,Attending,Yes
B954783,09/03/2021,A1022804,Attending,Yes
B954810,09/03/2021,A1022831,Attending,Yes
B954821,09/03/2021,A1022842,Attending,Yes
B954862,09/03/2021,A1022883,Attending,Yes
B954863,09/03/2021,A1022884,Attending,Yes
B954867,09/03/2021,A1022888,Attending,Yes
B954880,09/03/2021,A1022901,Attending,Yes
B954881,09/03/2021,A1022902,Attending,Yes
B954882,09/03/2021,A1022903,Attending,Yes
B954885,09/03/2021,A1022906,Attending,Yes
B954893,09/03/2021,A1022914,Attending,Yes
B954894,09/03/2021,A1022915,Attending,Yes
B954900,09/03/2021,A1022921,Attending,Yes
B954910,09/03/2021,A1022931,Attending,Yes
B954911,09/03/2021,A1022932,Attending,Yes
B954919,09/03/2021,A1022940,Attending,Yes
B954927,09/03/2021,A1022948,Attending,Yes
B954929,09/03/2021,A1022950,Attending,Yes
B954957,09/03/2021,A1022978,Attending,Yes
B954959,09/03/2021,A1022980,Attending,Yes
B954964,09/03/2021,A1022985,Attending,Yes
B955025,09/03/2021,A1023047,Attending,Yes
B955065,09/03/2021,A1023087,Attending,Yes
B955093,09/03/2021,A1023116,Attending,Yes
B955429,10/03/2021,A1023455,Attending,Yes
B955486,10/03/2021,A1023513,Attending,Yes
B955552,10/03/2021,A1023579,Attending,Yes
B955564,10/03/2021,A1023591,Attending,Yes
B955589,10/03/2021,A1023617,Attending,Yes
B955635,10/03/2021,A1023663,Attending,Yes
B955683,10/03/2021,A1023711,Attending,Yes
B955718,10/03/2021,A1023746,Attending,Yes
B955726,10/03/2021,A1023754,Attending,Yes
B955737,10/03/2021,A1023765,Attending,Yes
B955764,10/03/2021,A1023792,Attending,Yes
B955833,10/03/2021,A1023861,Attending,Yes
B955838,10/03/2021,A1023866,Attending,Yes
B955841,10/03/2021,A1023869,Attending,Yes
B955849,10/03/2021,A1023877,Attending,Yes
B955872,10/03/2021,A1023900,Attending,Yes
B955902,10/03/2021,A1023930,Attending,Yes
B955908,10/03/2021,A1023936,Attending,Yes
B955975,10/03/2021,A1024003,Attending,Yes
B955975,10/03/2021,A1024004,Attending,Yes
B955993,10/03/2021,A1024022,Attending,Yes
B956022,10/03/2021,A1024051,Attending,Yes
B956050,10/03/2021,A1024079,Attending,Yes
B956055,10/03/2021,A1024084,Attending,Yes
B956072,10/03/2021,A1024101,Attending,Yes
B956089,10/03/2021,A1024118,Attending,Yes
B956090,10/03/2021,A1024119,Attending,Yes
B956091,10/03/2021,A1024120,Attending,Yes
B956116,10/03/2021,A1024146,Attending,Yes
B956170,10/03/2021,A1024200,Attending,Yes
B956174,10/03/2021,A1024204,Attending,Yes
B956196,10/03/2021,A1024226,Attending,Yes
B956203,10/03/2021,A1024233,Attending,Yes
B956215,10/03/2021,A1024245,Attending,Yes
B956249,10/03/2021,A1024279,Attending,Yes
B956253,10/03/2021,A1024283,Attending,Yes
B956276,10/03/2021,A1024306,Attending,Yes
B956297,10/03/2021,A1024327,Attending,Yes
B956303,10/03/2021,A1024333,Attending,Yes
B956306,10/03/2021,A1024336,Attending,Yes
B956312,10/03/2021,A1024342,Attending,Yes
B956317,10/03/2021,A1024347,Attending,Yes
B956407,10/03/2021,A1024437,Attending,Yes
B956619,11/03/2021,A1024649,Attending,Yes
B956632,11/03/2021,A1024662,Attending,Yes
B956696,11/03/2021,A1024726,Attending,Yes
B956749,11/03/2021,A1024780,Attending,Yes
B956778,11/03/2021,A1024809,Attending,Yes
B956829,11/03/2021,A1024860,Attending,Yes
B956837,11/03/2021,A1024868,Attending,Yes
B956857,11/03/2021,A1024888,Attending,Yes
B957100,11/03/2021,A1025132,Attending,Yes
B957338,12/03/2021,A1025370,Attending,Yes
B957427,12/03/2021,A1025460,Attending,Yes
B957446,12/03/2021,A1025479,Attending,Yes
B957507,12/03/2021,A1025544,Attending,Yes
B957605,12/03/2021,A1025642,Attending,Yes
B957618,12/03/2021,A1025655,Attending,Yes
B957724,12/03/2021,A1025762,Attending,Yes
B957903,13/03/2021,A1025941,Attending,Yes
B958401,15/03/2021,A1026441,Attending,Yes
B958646,15/03/2021,A1026687,Attending,Yes
B958673,15/03/2021,A1026714,Attending,Yes
B958724,15/03/2021,A1026765,Attending,Yes
B958827,15/03/2021,A1026869,Attending,Yes
B958878,15/03/2021,A1026920,Attending,Yes
B959404,16/03/2021,A1027462,Attending,Yes
B959525,16/03/2021,A1027583,Attending,Yes
B959579,16/03/2021,A1027637,Attending,Yes
B959634,16/03/2021,A1027693,Attending,Yes
B959774,17/03/2021,A1027834,Attending,Yes
B959834,17/03/2021,A1027896,Attending,Yes
B959850,17/03/2021,A1027914,Attending,Yes
B959876,17/03/2021,A1027941,Attending,Yes
B959946,17/03/2021,A1028011,Attending,Yes
B960262,17/03/2021,A1028333,Attending,Yes
B960632,18/03/2021,A1028709,Attending,Yes
B960687,18/03/2021,A1028764,Attending,Yes
B961135,19/03/2021,A1029218,Attending,Yes
B961164,19/03/2021,A1029247,Attending,Yes
B961168,19/03/2021,A1029251,Attending,Yes
B961235,19/03/2021,A1029318,Attending,Yes
B961329,19/03/2021,A1029412,Attending,Yes
B961344,19/03/2021,A1029427,Attending,Yes
B961356,19/03/2021,A1029439,Attending,Yes
B961541,21/03/2021,A1029624,Attending,Yes
B961738,22/03/2021,A1029822,Attending,Yes
B961768,22/03/2021,A1029853,Attending,Yes
B961777,22/03/2021,A1029862,Attending,Yes
B961785,22/03/2021,A1029870,Attending,Yes
B961803,22/03/2021,A1029888,Attending,Yes
B961954,22/03/2021,A1030040,Attending,Yes
B961966,22/03/2021,A1030052,Attending,Yes
B962298,23/03/2021,A1030386,Attending,Yes
B962306,23/03/2021,A1030394,Attending,Yes
B962307,23/03/2021,A1030395,Attending,Yes
B962312,23/03/2021,A1030400,Attending,Yes
B962344,23/03/2021,A1030432,Attending,Yes
B962349,23/03/2021,A1030438,Attending,Yes
B962359,23/03/2021,A1030448,Attending,Yes
B962362,23/03/2021,A1030451,Attending,Yes
B962420,23/03/2021,A1030509,Attending,Yes
B962427,23/03/2021,A1030516,Attending,Yes
B962434,23/03/2021,A1030523,Attending,Yes
B962436,23/03/2021,A1030525,Attending,Yes
B962492,23/03/2021,A1030581,Attending,Yes
B962554,23/03/2021,A1030643,Attending,Yes
B962621,23/03/2021,A1030710,Attending,Yes
B962656,24/03/2021,A1030745,Attending,Yes
B962657,24/03/2021,A1030746,Attending,Yes
B962754,24/03/2021,A1030844,Attending,Yes
B962803,24/03/2021,A1030892,Attending,Yes
B962840,24/03/2021,A1030930,Attending,Yes
B963079,25/03/2021,A1031170,Attending,Yes
B963143,25/03/2021,A1031234,Attending,Yes
B963144,25/03/2021,A1031235,Attending,Yes
B963149,25/03/2021,A1031240,Attending,Yes
B963153,25/03/2021,A1031244,Attending,Yes
B963155,25/03/2021,A1031246,Attending,Yes
B963159,25/03/2021,A1031250,Attending,Yes
B963165,25/03/2021,A1031256,Attending,Yes
B963169,25/03/2021,A1031260,Attending,Yes
B963174,25/03/2021,A1031265,Attending,Yes
B963175,25/03/2021,A1031266,Attending,Yes
B963189,25/03/2021,A1031280,Attending,Yes
B963194,25/03/2021,A1031285,Attending,Yes
B963217,25/03/2021,A1031308,Attending,Yes
B963223,25/03/2021,A1031314,Attending,Yes
B963250,25/03/2021,A1031341,Attending,Yes
B963394,26/03/2021,A1031485,Attending,Yes
B963412,26/03/2021,A1031503,Attending,Yes
B963418,26/03/2021,A1031509,Attending,Yes
B963441,26/03/2021,A1031532,Attending,Yes
B963443,26/03/2021,A1031534,Attending,Yes
B963489,26/03/2021,A1031580,Attending,Yes
B963544,26/03/2021,A1031635,Attending,Yes
B963592,26/03/2021,A1031683,Attending,Yes
B963764,28/03/2021,A1031855,Attending,Yes
B963863,29/03/2021,A1031954,Attending,Yes
B963868,29/03/2021,A1031959,Attending,Yes
B963901,29/03/2021,A1031992,Attending,Yes
B963904,29/03/2021,A1031995,Attending,Yes
B963911,29/03/2021,A1032002,Attending,Yes
B963913,29/03/2021,A1032004,Attending,Yes
B963936,29/03/2021,A1032027,Attending,Yes
B963945,29/03/2021,A1032036,Attending,Yes
B963956,29/03/2021,A1032047,Attending,Yes
B963960,29/03/2021,A1032051,Attending,Yes
B963969,29/03/2021,A1032060,Attending,Yes
B963970,29/03/2021,A1032061,Attending,Yes
B963972,29/03/2021,A1032063,Attending,Yes
B963972,29/03/2021,A1032064,Attending,Yes
B963975,29/03/2021,A1032067,Attending,Yes
B963977,29/03/2021,A1032069,Attending,Yes
B963978,29/03/2021,A1032070,Attending,Yes
B963980,29/03/2021,A1032072,Attending,Yes
B963981,29/03/2021,A1032073,Attending,Yes
B963983,29/03/2021,A1032075,Attending,Yes
B963984,29/03/2021,A1032076,Attending,Yes
B963985,29/03/2021,A1032077,Attending,Yes
B963987,29/03/2021,A1032079,Attending,Yes
B963990,29/03/2021,A1032082,Attending,Yes
B963996,29/03/2021,A1032088,Attending,Yes
B963998,29/03/2021,A1032090,Attending,Yes
B964004,29/03/2021,A1032096,Attending,Yes
B964010,29/03/2021,A1032102,Attending,Yes
B964011,29/03/2021,A1032103,Attending,Yes
B964013,29/03/2021,A1032105,Attending,Yes
B964014,29/03/2021,A1032106,Attending,Yes
B964028,29/03/2021,A1032120,Attending,Yes
B964035,29/03/2021,A1032128,Attending,Yes
B964036,29/03/2021,A1032129,Attending,Yes
B964039,29/03/2021,A1032132,Attending,Yes
B964040,29/03/2021,A1032133,Attending,Yes
B964044,29/03/2021,A1032137,Attending,Yes
B964050,29/03/2021,A1032143,Attending,Yes
B964078,29/03/2021,A1032171,Attending,Yes
B964131,30/03/2021,A1032224,Attending,Yes
B964146,30/03/2021,A1032239,Attending,Yes
B964147,30/03/2021,A1032240,Attending,Yes
B964150,30/03/2021,A1032243,Attending,Yes
B964154,30/03/2021,A1032247,Attending,Yes
B964155,30/03/2021,A1032248,Attending,Yes
B964157,30/03/2021,A1032250,Attending,Yes
B964161,30/03/2021,A1032254,Attending,Yes
B964163,30/03/2021,A1032256,Attending,Yes
B964169,30/03/2021,A1032262,Attending,Yes
B964176,30/03/2021,A1032269,Attending,Yes
B964191,30/03/2021,A1032284,Attending,Yes
B964202,30/03/2021,A1032295,Attending,Yes
B964207,30/03/2021,A1032300,Attending,Yes
B964213,30/03/2021,A1032306,Attending,Yes
B964219,30/03/2021,A1032312,Attending,Yes
B964243,30/03/2021,A1032336,Attending,Yes
B964255,30/03/2021,A1032348,Attending,Yes
B964256,30/03/2021,A1032349,Attending,Yes
B964384,31/03/2021,A1032477,Attending,Yes
B964387,31/03/2021,A1032480,Attending,Yes
B964388,31/03/2021,A1032481,Attending,Yes
B964388,31/03/2021,A1032482,Cancelled,Yes
B964396,31/03/2021,A1032491,Attending,Yes
B964401,31/03/2021,A1032496,Attending,Yes
B964422,31/03/2021,A1032517,Attending,Yes
B964427,31/03/2021,A1032522,Attending,Yes
B964435,31/03/2021,A1032530,Attending,Yes
B964437,31/03/2021,A1032532,Attending,Yes
B964440,31/03/2021,A1032535,Attending,Yes
B964441,31/03/2021,A1032536,Attending,Yes
B964442,31/03/2021,A1032537,Attending,Yes
B964462,31/03/2021,A1032557,Attending,Yes
B964473,31/03/2021,A1032568,Attending,Yes
B964474,31/03/2021,A1032569,Attending,Yes
B964480,31/03/2021,A1032575,Attending,Yes
B964490,31/03/2021,A1032585,Attending,Yes
B964514,31/03/2021,A1032609,Attending,Yes
B964516,31/03/2021,A1032611,Attending,Yes
B964534,31/03/2021,A1032629,Attending,Yes
B964592,31/03/2021,A1032687,Attending,Yes
B964669,01/04/2021,A1032764,Attending,Yes
B964684,01/04/2021,A1032779,Attending,Yes
B964687,01/04/2021,A1032782,Attending,Yes
B965181,01/04/2021,A1033276,Attending,Yes
B965927,05/04/2021,A1034028,Attending,Yes
B965975,05/04/2021,A1034076,Attending,Yes
B966038,06/04/2021,A1034139,Attending,Yes
B966045,06/04/2021,A1034146,Cancelled,Yes
B966054,06/04/2021,A1034155,Attending,Yes
B966057,06/04/2021,A1034158,Attending,Yes
B966059,06/04/2021,A1034160,Cancelled,Yes
B966060,06/04/2021,A1034161,Attending,Yes
B966061,06/04/2021,A1034162,Attending,Yes
B966062,06/04/2021,A1034163,Attending,Yes
B966066,06/04/2021,A1034167,Attending,Yes
B966069,06/04/2021,A1034170,Attending,Yes
B966071,06/04/2021,A1034172,Cancelled,Yes
B966073,06/04/2021,A1034174,Attending,Yes
B966075,06/04/2021,A1034176,Attending,Yes
B966076,06/04/2021,A1034177,Attending,Yes
B966078,06/04/2021,A1034179,Attending,Yes
B966083,06/04/2021,A1034184,Attending,Yes
B966085,06/04/2021,A1034186,Attending,Yes
B966086,06/04/2021,A1034187,Attending,Yes
B966087,06/04/2021,A1034188,Attending,Yes
B966090,06/04/2021,A1034191,Attending,Yes
B966092,06/04/2021,A1034193,Attending,Yes
B966095,06/04/2021,A1034196,Attending,Yes
B966098,06/04/2021,A1034199,Attending,Yes
B966105,06/04/2021,A1034206,Attending,Yes
B966119,06/04/2021,A1034220,Attending,Yes
B966120,06/04/2021,A1034221,Attending,Yes
B966123,06/04/2021,A1034224,Attending,Yes
B966201,06/04/2021,A1034302,Attending,Yes
B966320,07/04/2021,A1034424,Attending,Yes
B966323,07/04/2021,A1034427,Attending,Yes
B966341,07/04/2021,A1034445,Attending,Yes
B966386,07/04/2021,A1034491,Attending,Yes
B966387,07/04/2021,A1034492,Attending,Yes
B966394,07/04/2021,A1034499,Attending,Yes
B966513,08/04/2021,A1034618,Attending,Yes
B966516,08/04/2021,A1034621,Attending,Yes
B966518,08/04/2021,A1034623,Attending,Yes
B966520,08/04/2021,A1034625,Attending,Yes
B966534,08/04/2021,A1034639,Attending,Yes
B966553,08/04/2021,A1034658,Attending,Yes
B966558,08/04/2021,A1034663,Attending,Yes
B966703,08/04/2021,A1034808,Attending,Yes
B966788,08/04/2021,A1034893,Attending,Yes
B966884,09/04/2021,A1034989,Attending,Yes
B966885,09/04/2021,A1034990,Attending,Yes
B966887,09/04/2021,A1034992,Attending,Yes
B966888,09/04/2021,A1034993,Attending,Yes
B966891,09/04/2021,A1034996,Attending,Yes
B966920,09/04/2021,A1035025,Attending,Yes
B967005,09/04/2021,A1035110,Attending,Yes
B967120,09/04/2021,A1035226,Attending,Yes
B967198,10/04/2021,A1035304,Attending,Yes
B967441,12/04/2021,A1035547,Attending,Yes
B967443,12/04/2021,A1035549,Attending,Yes
B967444,12/04/2021,A1035550,Attending,Yes
B967458,12/04/2021,A1035564,Attending,Yes
B967459,12/04/2021,A1035565,Cancelled,Yes
B967460,12/04/2021,A1035566,Cancelled,Yes
B967469,12/04/2021,A1035575,Attending,Yes
B967473,12/04/2021,A1035579,Attending,Yes
B967501,12/04/2021,A1035607,Attending,Yes
B967524,12/04/2021,A1035630,Attending,Yes
B967559,12/04/2021,A1035665,Attending,Yes
B967646,12/04/2021,A1035752,Attending,Yes
B967665,12/04/2021,A1035771,Attending,Yes
B967667,12/04/2021,A1035773,Attending,Yes
B967720,12/04/2021,A1035826,Attending,Yes
B967973,13/04/2021,A1036082,Attending,Yes
B967985,13/04/2021,A1036094,Attending,Yes
B968008,13/04/2021,A1036117,Attending,Yes
B968010,13/04/2021,A1036119,Attending,Yes
B968033,13/04/2021,A1036142,Attending,Yes
B968085,13/04/2021,A1036194,Attending,Yes
B968109,13/04/2021,A1036218,Attending,Yes
B968142,13/04/2021,A1036251,Attending,Yes
B968181,13/04/2021,A1036290,Attending,Yes
B968183,13/04/2021,A1036292,Attending,Yes
B968184,13/04/2021,A1036293,Attending,Yes
B968192,13/04/2021,A1036301,Attending,Yes
B968194,13/04/2021,A1036303,Attending,Yes
B968225,13/04/2021,A1036334,Attending,Yes
B968307,13/04/2021,A1036416,Attending,Yes
B968394,14/04/2021,A1036503,Attending,Yes
B968419,14/04/2021,A1036528,Attending,Yes
B968443,14/04/2021,A1036552,Attending,Yes
B968458,14/04/2021,A1036567,Attending,Yes
B968461,14/04/2021,A1036570,Attending,Yes
B968462,14/04/2021,A1036571,Cancelled,Yes
B968463,14/04/2021,A1036572,Cancelled,Yes
B968465,14/04/2021,A1036574,Cancelled,Yes
B968467,14/04/2021,A1036576,Cancelled,Yes
B968468,14/04/2021,A1036577,Attending,Yes
B968471,14/04/2021,A1036580,Cancelled,Yes
B968472,14/04/2021,A1036581,Cancelled,Yes
B968474,14/04/2021,A1036583,Cancelled,Yes
B968475,14/04/2021,A1036584,Cancelled,Yes
B968476,14/04/2021,A1036585,Cancelled,Yes
B968477,14/04/2021,A1036586,Cancelled,Yes
B968478,14/04/2021,A1036587,Cancelled,Yes
B968479,14/04/2021,A1036588,Cancelled,Yes
B968480,14/04/2021,A1036589,Cancelled,Yes
B968481,14/04/2021,A1036590,Cancelled,Yes
B968483,14/04/2021,A1036592,Attending,Yes
B968486,14/04/2021,A1036595,Attending,Yes
B968523,14/04/2021,A1036632,Attending,Yes
B968537,14/04/2021,A1036646,Attending,Yes
B968832,15/04/2021,A1036942,Attending,Yes
B968833,15/04/2021,A1036943,Attending,Yes
B968835,15/04/2021,A1036945,Attending,Yes
B968853,15/04/2021,A1036963,Attending,Yes
B968857,15/04/2021,A1036967,Attending,Yes
B968877,15/04/2021,A1036987,Attending,Yes
B968938,15/04/2021,A1037049,Attending,Yes
B968963,15/04/2021,A1037074,Attending,Yes
B968963,15/04/2021,A1037075,Attending,Yes
B968963,15/04/2021,A1037076,Attending,Yes
B968968,15/04/2021,A1037081,Attending,Yes
B969105,15/04/2021,A1037220,Attending,Yes
B969114,15/04/2021,A1037229,Attending,Yes
B969137,15/04/2021,A1037252,Attending,Yes
B969140,15/04/2021,A1037255,Attending,Yes
B969162,15/04/2021,A1037277,Attending,Yes
B969367,16/04/2021,A1037483,Attending,Yes
B969376,16/04/2021,A1037492,Attending,Yes
B969422,16/04/2021,A1037538,Attending,Yes
B969486,16/04/2021,A1037602,Attending,Yes
B969663,16/04/2021,A1037779,Attending,Yes
B969704,16/04/2021,A1037821,Attending,Yes
B970058,16/04/2021,A1038178,Attending,Yes
B970782,19/04/2021,A1038902,Attending,Yes
B970869,19/04/2021,A1038989,Attending,Yes
B970880,19/04/2021,A1039000,Attending,Yes
B970995,19/04/2021,A1039115,Attending,Yes
B971006,19/04/2021,A1039126,Attending,Yes
B971056,19/04/2021,A1039176,Cancelled,Yes
B971142,19/04/2021,A1039262,Attending,Yes
B971165,19/04/2021,A1039285,Attending,Yes
B971255,19/04/2021,A1039375,Attending,Yes
B971324,19/04/2021,A1039444,Cancelled,Yes
B971601,20/04/2021,A1039721,Attending,Yes
B971655,20/04/2021,A1039775,Attending,Yes
B971660,20/04/2021,A1039780,Attending,Yes
B971706,20/04/2021,A1039826,Attending,Yes
B971804,20/04/2021,A1039924,Cancelled,Yes
B971834,20/04/2021,A1039954,Attending,Yes
B971835,20/04/2021,A1039955,Attending,Yes
B971843,20/04/2021,A1039963,Attending,Yes
B971865,20/04/2021,A1039985,Attending,Yes
B971901,20/04/2021,A1040021,Cancelled,Yes
B971917,20/04/2021,A1040037,Attending,Yes
B971978,20/04/2021,A1040098,Cancelled,Yes
B971981,20/04/2021,A1040101,Attending,Yes
B971985,20/04/2021,A1040105,Attending,Yes
B971988,20/04/2021,A1040108,Attending,Yes
B972025,20/04/2021,A1040145,Attending,Yes
B972088,20/04/2021,A1040208,Attending,Yes
B972099,20/04/2021,A1040219,Attending,Yes
B972145,20/04/2021,A1040265,Attending,Yes
B972392,21/04/2021,A1040512,Attending,Yes
B972398,21/04/2021,A1040518,Attending,Yes
B972421,21/04/2021,A1040541,Attending,Yes
B972450,21/04/2021,A1040570,Attending,Yes
B972455,21/04/2021,A1040575,Attending,Yes
B972494,21/04/2021,A1040614,Attending,Yes
B972497,21/04/2021,A1040617,Attending,Yes
B972499,21/04/2021,A1040619,Attending,Yes
B972565,21/04/2021,A1040685,Attending,Yes
B972566,21/04/2021,A1040686,Attending,Yes
B972584,21/04/2021,A1040705,Attending,Yes
B972649,21/04/2021,A1040770,Attending,Yes
B972649,21/04/2021,A1040771,Attending,Yes
B972649,21/04/2021,A1040772,Attending,Yes
B972649,21/04/2021,A1040773,Attending,Yes
B972649,21/04/2021,A1040774,Attending,Yes
B972649,21/04/2021,A1040775,Attending,Yes
B972649,21/04/2021,A1040776,Attending,Yes
B972671,21/04/2021,A1040798,Attending,Yes
B972713,21/04/2021,A1040840,Attending,Yes
B972720,21/04/2021,A1040847,Attending,Yes
B972783,21/04/2021,A1040910,Attending,Yes
B972833,21/04/2021,A1040960,Attending,Yes
B972841,21/04/2021,A1040968,Attending,Yes
B972841,21/04/2021,A1040969,Attending,Yes
B972866,21/04/2021,A1040994,Attending,Yes
B972868,21/04/2021,A1040996,Attending,Yes
B972872,21/04/2021,A1041000,Attending,Yes
B972872,21/04/2021,A1041001,Attending,Yes
B973097,22/04/2021,A1041226,Attending,Yes
B973115,22/04/2021,A1041244,Attending,Yes
