MSE21,,,,
BookingReference,Created Date,Reference,Attendee Status,Attended
B925916,19/01/2021,A993794,Attending,Yes
B925922,19/01/2021,A993800,Attending,Yes
B925936,19/01/2021,A993814,Attending,Yes
B925937,19/01/2021,A993815,Attending,Yes
B925938,19/01/2021,A993816,Attending,Yes
B925938,19/01/2021,A993817,Attending,Yes
B925940,19/01/2021,A993819,Attending,Yes
B925949,19/01/2021,A993828,Attending,Yes
B925955,19/01/2021,A993834,Attending,Yes
B925955,19/01/2021,A993835,Attending,Yes
B925957,19/01/2021,A993837,Attending,Yes
B925958,19/01/2021,A993838,Attending,Yes
B925961,19/01/2021,A993841,Attending,Yes
B925962,19/01/2021,A993842,Attending,Yes
B925970,19/01/2021,A993850,Attending,Yes
B925972,19/01/2021,A993852,Attending,Yes
B925973,19/01/2021,A993853,Attending,Yes
B925975,19/01/2021,A993855,Attending,Yes
B925978,19/01/2021,A993858,Attending,Yes
B925978,19/01/2021,A993859,Attending,Yes
B925989,19/01/2021,A993870,Attending,Yes
B925990,19/01/2021,A993871,Attending,Yes
B925991,19/01/2021,A993872,Attending,Yes
B926000,19/01/2021,A993881,Attending,Yes
B926001,19/01/2021,A993882,Attending,Yes
B926005,19/01/2021,A993886,Attending,Yes
B926013,19/01/2021,A993894,Attending,Yes
B926023,19/01/2021,A993904,Attending,Yes
B926026,19/01/2021,A993907,Attending,Yes
B926027,19/01/2021,A993908,Attending,Yes
B926029,19/01/2021,A993910,Attending,Yes
B926031,19/01/2021,A993912,Attending,Yes
B926037,19/01/2021,A993918,Attending,Yes
B926039,19/01/2021,A993920,Attending,Yes
B926061,19/01/2021,A993942,Attending,Yes
B926073,19/01/2021,A993954,Attending,Yes
B926083,19/01/2021,A993965,Cancelled,Yes
B926083,19/01/2021,A993966,Attending,Yes
B926097,19/01/2021,A993980,Attending,Yes
B926110,19/01/2021,A993993,Attending,Yes
B926130,19/01/2021,A994014,Attending,Yes
B926131,19/01/2021,A994015,Attending,Yes
B926134,19/01/2021,A994018,Attending,Yes
B926135,19/01/2021,A994019,Attending,Yes
B926227,19/01/2021,A994111,Attending,Yes
B926244,19/01/2021,A994128,Attending,Yes
B926361,19/01/2021,A994245,Attending,Yes
B926381,19/01/2021,A994265,Attending,Yes
B926534,20/01/2021,A994418,Attending,Yes
B926535,20/01/2021,A994419,Attending,Yes
B926633,20/01/2021,A994518,Attending,Yes
B926633,20/01/2021,A994519,Attending,Yes
B926684,20/01/2021,A994570,Attending,Yes
B926698,20/01/2021,A994584,Attending,Yes
B926717,20/01/2021,A994603,Attending,Yes
B926775,20/01/2021,A994661,Attending,Yes
B926780,20/01/2021,A994666,Attending,Yes
B926895,20/01/2021,A994781,Attending,Yes
B926895,20/01/2021,A994782,Attending,Yes
B926901,20/01/2021,A994788,Attending,Yes
B926934,20/01/2021,A994821,Attending,Yes
B927248,21/01/2021,A995135,Attending,Yes
B927270,21/01/2021,A995157,Attending,Yes
B927291,21/01/2021,A995178,Attending,Yes
B927297,21/01/2021,A995184,Attending,Yes
B927351,21/01/2021,A995238,Attending,Yes
B927351,21/01/2021,A995239,Attending,Yes
B927421,21/01/2021,A995309,Attending,Yes
B929519,24/01/2021,A997407,Attending,Yes
B929791,25/01/2021,A997679,Attending,Yes
B929853,25/01/2021,A997741,Attending,Yes
B929870,25/01/2021,A997758,Attending,Yes
B929903,25/01/2021,A997791,Attending,Yes
B929984,25/01/2021,A997872,Attending,Yes
B930049,25/01/2021,A997939,Attending,Yes
B930061,25/01/2021,A997951,Attending,Yes
B930073,25/01/2021,A997963,Attending,Yes
B930097,25/01/2021,A997987,Attending,Yes
B930133,25/01/2021,A998023,Attending,Yes
B930377,25/01/2021,A998267,Attending,Yes
B930403,25/01/2021,A998293,Attending,Yes
B930403,25/01/2021,A998294,Attending,Yes
B930482,26/01/2021,A998373,Attending,Yes
B930543,26/01/2021,A998434,Attending,Yes
B930546,26/01/2021,A998437,Attending,Yes
B930547,26/01/2021,A998438,Attending,Yes
B930550,26/01/2021,A998441,Attending,Yes
B930556,26/01/2021,A998447,Attending,Yes
B930558,26/01/2021,A998449,Attending,Yes
B930568,26/01/2021,A998459,Attending,Yes
B930569,26/01/2021,A998460,Attending,Yes
B930573,26/01/2021,A998464,Attending,Yes
B930575,26/01/2021,A998466,Attending,Yes
B930578,26/01/2021,A998469,Attending,Yes
B930578,26/01/2021,A998470,Cancelled,Yes
B930578,26/01/2021,A998471,Attending,Yes
B930597,26/01/2021,A998490,Attending,Yes
B930598,26/01/2021,A998491,Attending,Yes
B930600,26/01/2021,A998493,Attending,Yes
B930603,26/01/2021,A998497,Attending,Yes
B930605,26/01/2021,A998499,Attending,Yes
B930605,26/01/2021,A998500,Attending,Yes
B930606,26/01/2021,A998501,Attending,Yes
B930612,26/01/2021,A998507,Attending,Yes
B930631,26/01/2021,A998526,Attending,Yes
B930654,26/01/2021,A998549,Attending,Yes
B930655,26/01/2021,A998550,Attending,Yes
B930658,26/01/2021,A998553,Attending,Yes
B930667,26/01/2021,A998563,Attending,Yes
B930668,26/01/2021,A998564,Attending,Yes
B930711,26/01/2021,A998607,Attending,Yes
B930747,26/01/2021,A998643,Attending,Yes
B930760,26/01/2021,A998656,Attending,Yes
B930819,26/01/2021,A998715,Attending,Yes
B930822,26/01/2021,A998718,Attending,Yes
B930871,26/01/2021,A998767,Attending,Yes
B930915,26/01/2021,A998811,Attending,Yes
B931114,26/01/2021,A999010,Attending,Yes
B931114,26/01/2021,A999011,Attending,Yes
B931114,26/01/2021,A999012,Attending,Yes
B931132,26/01/2021,A999030,Attending,Yes
B931229,26/01/2021,A999127,Attending,Yes
B931419,26/01/2021,A999317,Attending,Yes
B931419,26/01/2021,A999318,Attending,Yes
B931522,27/01/2021,A999421,Attending,Yes
B931560,27/01/2021,A999459,Attending,Yes
B931566,27/01/2021,A999465,Attending,Yes
B931566,27/01/2021,A999466,Attending,Yes
B931582,27/01/2021,A999482,Attending,Yes
B931594,27/01/2021,A999494,Attending,Yes
B931651,27/01/2021,A999551,Attending,Yes
B931758,27/01/2021,A999658,Attending,Yes
B931835,27/01/2021,A999735,Attending,Yes
B931835,27/01/2021,A999736,Attending,Yes
B931844,27/01/2021,A999745,Attending,Yes
B931896,27/01/2021,A999797,Attending,Yes
B932019,27/01/2021,A999920,Attending,Yes
B932121,27/01/2021,A1000022,Attending,Yes
B932309,27/01/2021,A1000210,Attending,Yes
B932447,28/01/2021,A1000348,Attending,Yes
B932752,28/01/2021,A1000657,Attending,Yes
B932784,28/01/2021,A1000689,Attending,Yes
B932787,28/01/2021,A1000692,Attending,Yes
B932946,28/01/2021,A1000851,Attending,Yes
B933212,29/01/2021,A1001117,Attending,Yes
B934423,01/02/2021,A1002328,Attending,Yes
B934848,02/02/2021,A1002753,Attending,Yes
B935120,02/02/2021,A1003027,Attending,Yes
B935765,03/02/2021,A1003676,Attending,Yes
B936104,04/02/2021,A1004015,Attending,Yes
B936311,04/02/2021,A1004224,Attending,Yes
B936870,05/02/2021,A1004783,Attending,Yes
B936870,05/02/2021,A1004784,Attending,Yes
B936889,05/02/2021,A1004803,Attending,Yes
B936897,05/02/2021,A1004811,Attending,Yes
B936935,05/02/2021,A1004849,Attending,Yes
B936936,05/02/2021,A1004850,Attending,Yes
B936937,05/02/2021,A1004851,Attending,Yes
B936938,05/02/2021,A1004852,Attending,Yes
B936940,05/02/2021,A1004854,Attending,Yes
B936941,05/02/2021,A1004855,Attending,Yes
B936942,05/02/2021,A1004856,Attending,Yes
B936944,05/02/2021,A1004858,Attending,Yes
B936946,05/02/2021,A1004860,Attending,Yes
B936947,05/02/2021,A1004861,Attending,Yes
B936949,05/02/2021,A1004863,Attending,Yes
B936953,05/02/2021,A1004867,Attending,Yes
B936954,05/02/2021,A1004868,Attending,Yes
B936956,05/02/2021,A1004870,Attending,Yes
B936957,05/02/2021,A1004871,Attending,Yes
B936958,05/02/2021,A1004872,Attending,Yes
B936959,05/02/2021,A1004873,Attending,Yes
B936960,05/02/2021,A1004874,Attending,Yes
B936960,05/02/2021,A1004875,Attending,Yes
B936964,05/02/2021,A1004879,Attending,Yes
B936965,05/02/2021,A1004880,Attending,Yes
B936965,05/02/2021,A1004881,Attending,Yes
B936966,05/02/2021,A1004882,Attending,Yes
B936967,05/02/2021,A1004883,Attending,Yes
B936970,05/02/2021,A1004886,Attending,Yes
B936974,05/02/2021,A1004890,Attending,Yes
B936975,05/02/2021,A1004891,Attending,Yes
B936977,05/02/2021,A1004893,Attending,Yes
B936978,05/02/2021,A1004894,Attending,Yes
B936979,05/02/2021,A1004895,Attending,Yes
B936980,05/02/2021,A1004896,Attending,Yes
B936981,05/02/2021,A1004897,Attending,Yes
B936987,05/02/2021,A1004904,Attending,Yes
B936988,05/02/2021,A1004905,Attending,Yes
B936989,05/02/2021,A1004906,Attending,Yes
B936990,05/02/2021,A1004907,Attending,Yes
B936991,05/02/2021,A1004908,Attending,Yes
B936992,05/02/2021,A1004909,Attending,Yes
B936995,05/02/2021,A1004912,Attending,Yes
B936996,05/02/2021,A1004913,Attending,Yes
B936999,05/02/2021,A1004916,Attending,Yes
B937000,05/02/2021,A1004917,Attending,Yes
B937002,05/02/2021,A1004919,Attending,Yes
B937003,05/02/2021,A1004920,Attending,Yes
B937005,05/02/2021,A1004922,Attending,Yes
B937007,05/02/2021,A1004924,Attending,Yes
B937014,05/02/2021,A1004931,Attending,Yes
B937016,05/02/2021,A1004933,Attending,Yes
B937026,05/02/2021,A1004943,Attending,Yes
B937030,05/02/2021,A1004947,Attending,Yes
B937036,05/02/2021,A1004953,Attending,Yes
B937040,05/02/2021,A1004957,Attending,Yes
B937042,05/02/2021,A1004959,Attending,Yes
B937061,05/02/2021,A1004978,Attending,Yes
B937072,05/02/2021,A1004989,Attending,Yes
B937072,05/02/2021,A1004990,Attending,Yes
B937072,05/02/2021,A1004991,Attending,Yes
B937072,05/02/2021,A1004992,Cancelled,Yes
B937076,05/02/2021,A1004996,Attending,Yes
B937078,05/02/2021,A1004998,Attending,Yes
B937080,05/02/2021,A1005000,Attending,Yes
B937081,05/02/2021,A1005001,Attending,Yes
B937113,05/02/2021,A1005033,Attending,Yes
B937121,05/02/2021,A1005041,Attending,Yes
B937125,05/02/2021,A1005045,Attending,Yes
B937126,05/02/2021,A1005046,Attending,Yes
B937137,05/02/2021,A1005057,Attending,Yes
B937143,05/02/2021,A1005063,Attending,Yes
B937153,05/02/2021,A1005073,Attending,Yes
B937157,05/02/2021,A1005077,Attending,Yes
B937163,05/02/2021,A1005083,Attending,Yes
B937165,05/02/2021,A1005085,Attending,Yes
B937172,05/02/2021,A1005092,Attending,Yes
B937176,05/02/2021,A1005096,Attending,Yes
B937186,05/02/2021,A1005106,Attending,Yes
B937186,05/02/2021,A1005107,Attending,Yes
B937186,05/02/2021,A1005108,Attending,Yes
B937189,05/02/2021,A1005111,Attending,Yes
B937197,05/02/2021,A1005119,Attending,Yes
B937209,05/02/2021,A1005131,Attending,Yes
B937252,05/02/2021,A1005174,Attending,Yes
B937354,05/02/2021,A1005276,Attending,Yes
B937628,07/02/2021,A1005550,Attending,Yes
B937761,08/02/2021,A1005683,Attending,Yes
B937769,08/02/2021,A1005691,Attending,Yes
B937786,08/02/2021,A1005708,Attending,Yes
B937792,08/02/2021,A1005714,Attending,Yes
B937796,08/02/2021,A1005718,Attending,Yes
B937808,08/02/2021,A1005730,Attending,Yes
B937813,08/02/2021,A1005735,Attending,Yes
B937822,08/02/2021,A1005744,Attending,Yes
B937823,08/02/2021,A1005745,Attending,Yes
B937837,08/02/2021,A1005759,Attending,Yes
B937847,08/02/2021,A1005769,Attending,Yes
B937849,08/02/2021,A1005771,Attending,Yes
B937857,08/02/2021,A1005779,Attending,Yes
B937869,08/02/2021,A1005791,Attending,Yes
B937871,08/02/2021,A1005793,Attending,Yes
B937901,08/02/2021,A1005823,Cancelled,Yes
B937901,08/02/2021,A1005824,Attending,Yes
B937914,08/02/2021,A1005837,Attending,Yes
B937921,08/02/2021,A1005844,Attending,Yes
B937928,08/02/2021,A1005851,Attending,Yes
B937971,08/02/2021,A1005895,Attending,Yes
B937996,08/02/2021,A1005920,Attending,Yes
B938064,08/02/2021,A1005988,Attending,Yes
B938089,08/02/2021,A1006013,Attending,Yes
B938092,08/02/2021,A1006016,Attending,Yes
B938104,08/02/2021,A1006028,Attending,Yes
B938105,08/02/2021,A1006029,Attending,Yes
B938280,08/02/2021,A1006204,Attending,Yes
B938557,09/02/2021,A1006482,Attending,Yes
B938593,09/02/2021,A1006518,Attending,Yes
B938658,09/02/2021,A1006589,Attending,Yes
B938668,09/02/2021,A1006599,Attending,Yes
B938674,09/02/2021,A1006605,Attending,Yes
B938685,09/02/2021,A1006616,Attending,Yes
B938685,09/02/2021,A1006617,Attending,Yes
B938742,09/02/2021,A1006674,Attending,Yes
B938798,09/02/2021,A1006730,Attending,Yes
B938830,09/02/2021,A1006762,Attending,Yes
B938870,09/02/2021,A1006802,Attending,Yes
B938875,09/02/2021,A1006807,Attending,Yes
B938875,09/02/2021,A1006808,Attending,Yes
B938949,09/02/2021,A1006882,Attending,Yes
B939215,10/02/2021,A1007148,Attending,Yes
B939508,10/02/2021,A1007441,Attending,Yes
B939529,10/02/2021,A1007462,Attending,Yes
B939605,10/02/2021,A1007538,Attending,Yes
B939869,11/02/2021,A1007802,Attending,Yes
B939870,11/02/2021,A1007803,Attending,Yes
B940079,11/02/2021,A1008012,Attending,Yes
B940388,12/02/2021,A1008321,Attending,Yes
B940389,12/02/2021,A1008322,Attending,Yes
B940392,12/02/2021,A1008325,Attending,Yes
B940405,12/02/2021,A1008338,Attending,Yes
B940471,12/02/2021,A1008404,Attending,Yes
B940471,12/02/2021,A1008405,Attending,Yes
B940492,12/02/2021,A1008426,Attending,Yes
B940495,12/02/2021,A1008429,Attending,Yes
B940502,12/02/2021,A1008436,Attending,Yes
B940532,12/02/2021,A1008466,Attending,Yes
B940602,12/02/2021,A1008536,Attending,Yes
B941262,15/02/2021,A1009196,Attending,Yes
B941351,15/02/2021,A1009285,Attending,Yes
B941365,15/02/2021,A1009299,Attending,Yes
B941414,15/02/2021,A1009348,Attending,Yes
B941521,15/02/2021,A1009455,Attending,Yes
B942278,16/02/2021,A1010212,Attending,Yes
B942297,16/02/2021,A1010231,Attending,Yes
B942371,16/02/2021,A1010305,Attending,Yes
B942377,16/02/2021,A1010311,Attending,Yes
B942383,16/02/2021,A1010317,Attending,Yes
B942401,16/02/2021,A1010335,Attending,Yes
B942410,16/02/2021,A1010344,Attending,Yes
B942415,16/02/2021,A1010349,Attending,Yes
B942419,16/02/2021,A1010353,Attending,Yes
B942437,16/02/2021,A1010371,Attending,Yes
B942448,16/02/2021,A1010382,Attending,Yes
B942455,16/02/2021,A1010389,Attending,Yes
B942455,16/02/2021,A1010390,Attending,Yes
B942455,16/02/2021,A1010391,Attending,Yes
B942464,16/02/2021,A1010400,Attending,Yes
B942479,16/02/2021,A1010415,Attending,Yes
B942484,16/02/2021,A1010420,Attending,Yes
B942487,16/02/2021,A1010423,Attending,Yes
B942520,16/02/2021,A1010456,Attending,Yes
B942531,16/02/2021,A1010467,Attending,Yes
B942545,16/02/2021,A1010481,Attending,Yes
B942548,16/02/2021,A1010484,Attending,Yes
B942552,16/02/2021,A1010488,Attending,Yes
B942553,16/02/2021,A1010489,Attending,Yes
B942561,16/02/2021,A1010497,Attending,Yes
B942565,16/02/2021,A1010501,Attending,Yes
B942615,16/02/2021,A1010551,Attending,Yes
B942624,16/02/2021,A1010560,Attending,Yes
B942638,16/02/2021,A1010574,Attending,Yes
B942695,16/02/2021,A1010631,Attending,Yes
B942791,16/02/2021,A1010727,Attending,Yes
B942804,16/02/2021,A1010740,Attending,Yes
B942915,17/02/2021,A1010851,Attending,Yes
B942953,17/02/2021,A1010889,Attending,Yes
B942984,17/02/2021,A1010920,Attending,Yes
B943006,17/02/2021,A1010942,Attending,Yes
B943075,17/02/2021,A1011012,Attending,Yes
B943138,17/02/2021,A1011076,Attending,Yes
B943143,17/02/2021,A1011081,Attending,Yes
B943158,17/02/2021,A1011096,Attending,Yes
B943177,17/02/2021,A1011115,Attending,Yes
B943178,17/02/2021,A1011116,Attending,Yes
B943249,17/02/2021,A1011187,Attending,Yes
B943291,17/02/2021,A1011229,Attending,Yes
B943291,17/02/2021,A1011230,Attending,Yes
B943369,17/02/2021,A1011308,Attending,Yes
B943377,17/02/2021,A1011316,Attending,Yes
B943435,17/02/2021,A1011374,Attending,Yes
B943551,17/02/2021,A1011490,Attending,Yes
B943551,17/02/2021,A1011491,Attending,Yes
B943656,18/02/2021,A1011596,Attending,Yes
B943656,18/02/2021,A1011597,Attending,Yes
B943657,18/02/2021,A1011598,Attending,Yes
B943659,18/02/2021,A1011600,Attending,Yes
B943721,18/02/2021,A1011662,Attending,Yes
B943753,18/02/2021,A1011695,Attending,Yes
B943783,18/02/2021,A1011725,Attending,Yes
B943786,18/02/2021,A1011728,Attending,Yes
B943791,18/02/2021,A1011733,Attending,Yes
B943793,18/02/2021,A1011735,Attending,Yes
B943793,18/02/2021,A1011736,Attending,Yes
B943800,18/02/2021,A1011743,Attending,Yes
B943801,18/02/2021,A1011744,Attending,Yes
B943805,18/02/2021,A1011748,Attending,Yes
B943816,18/02/2021,A1011759,Attending,Yes
B943825,18/02/2021,A1011768,Attending,Yes
B943827,18/02/2021,A1011770,Attending,Yes
B943830,18/02/2021,A1011773,Attending,Yes
B943835,18/02/2021,A1011778,Attending,Yes
B943840,18/02/2021,A1011783,Attending,Yes
B943841,18/02/2021,A1011784,Attending,Yes
B943842,18/02/2021,A1011785,Attending,Yes
B943844,18/02/2021,A1011787,Attending,Yes
B943846,18/02/2021,A1011789,Attending,Yes
B943847,18/02/2021,A1011790,Attending,Yes
B943853,18/02/2021,A1011796,Attending,Yes
B943855,18/02/2021,A1011798,Attending,Yes
B943857,18/02/2021,A1011800,Attending,Yes
B943858,18/02/2021,A1011801,Attending,Yes
B943863,18/02/2021,A1011806,Attending,Yes
B943866,18/02/2021,A1011809,Attending,Yes
B943872,18/02/2021,A1011815,Attending,Yes
B943873,18/02/2021,A1011816,Attending,Yes
B943873,18/02/2021,A1011817,Attending,Yes
B943873,18/02/2021,A1011818,Attending,Yes
B943874,18/02/2021,A1011819,Attending,Yes
B943879,18/02/2021,A1011824,Attending,Yes
B943879,18/02/2021,A1011825,Attending,Yes
B943881,18/02/2021,A1011827,Attending,Yes
B943883,18/02/2021,A1011829,Attending,Yes
B943891,18/02/2021,A1011837,Attending,Yes
B943894,18/02/2021,A1011840,Attending,Yes
B943896,18/02/2021,A1011842,Attending,Yes
B943899,18/02/2021,A1011845,Attending,Yes
B943899,18/02/2021,A1011846,Attending,Yes
B943902,18/02/2021,A1011849,Attending,Yes
B943906,18/02/2021,A1011853,Attending,Yes
B943907,18/02/2021,A1011854,Attending,Yes
B943908,18/02/2021,A1011855,Attending,Yes
B943909,18/02/2021,A1011856,Attending,Yes
B943910,18/02/2021,A1011857,Attending,Yes
B943911,18/02/2021,A1011858,Attending,Yes
B943912,18/02/2021,A1011859,Attending,Yes
B943913,18/02/2021,A1011860,Attending,Yes
B943916,18/02/2021,A1011863,Attending,Yes
B943916,18/02/2021,A1011864,Cancelled,Yes
B943917,18/02/2021,A1011865,Attending,Yes
B943918,18/02/2021,A1011866,Attending,Yes
B943919,18/02/2021,A1011867,Attending,Yes
B943920,18/02/2021,A1011868,Attending,Yes
B943922,18/02/2021,A1011870,Attending,Yes
B943927,18/02/2021,A1011875,Attending,Yes
B943931,18/02/2021,A1011879,Attending,Yes
B943932,18/02/2021,A1011880,Attending,Yes
B943934,18/02/2021,A1011882,Attending,Yes
B943936,18/02/2021,A1011884,Attending,Yes
B943940,18/02/2021,A1011888,Attending,Yes
B943941,18/02/2021,A1011889,Attending,Yes
B943944,18/02/2021,A1011892,Attending,Yes
B943949,18/02/2021,A1011897,Attending,Yes
B943950,18/02/2021,A1011898,Attending,Yes
B943954,18/02/2021,A1011902,Attending,Yes
B943960,18/02/2021,A1011908,Attending,Yes
B943960,18/02/2021,A1011909,Attending,Yes
B943965,18/02/2021,A1011914,Attending,Yes
B943967,18/02/2021,A1011916,Attending,Yes
B943968,18/02/2021,A1011917,Attending,Yes
B943969,18/02/2021,A1011918,Attending,Yes
B943975,18/02/2021,A1011924,Attending,Yes
B943976,18/02/2021,A1011925,Attending,Yes
B943978,18/02/2021,A1011927,Attending,Yes
B943979,18/02/2021,A1011928,Attending,Yes
B943983,18/02/2021,A1011932,Attending,Yes
B943984,18/02/2021,A1011933,Attending,Yes
B943986,18/02/2021,A1011935,Attending,Yes
B943989,18/02/2021,A1011938,Attending,Yes
B943990,18/02/2021,A1011939,Attending,Yes
B943994,18/02/2021,A1011943,Attending,Yes
B943998,18/02/2021,A1011947,Attending,Yes
B944000,18/02/2021,A1011949,Attending,Yes
B944003,18/02/2021,A1011952,Attending,Yes
B944016,18/02/2021,A1011965,Attending,Yes
B944024,18/02/2021,A1011973,Attending,Yes
B944024,18/02/2021,A1011974,Attending,Yes
B944040,18/02/2021,A1011990,Attending,Yes
B944045,18/02/2021,A1011995,Attending,Yes
B944047,18/02/2021,A1011997,Attending,Yes
B944048,18/02/2021,A1011998,Attending,Yes
B944050,18/02/2021,A1012000,Attending,Yes
B944079,18/02/2021,A1012029,Attending,Yes
B944080,18/02/2021,A1012030,Attending,Yes
B944094,18/02/2021,A1012044,Attending,Yes
B944099,18/02/2021,A1012049,Attending,Yes
B944103,18/02/2021,A1012053,Attending,Yes
B944109,18/02/2021,A1012059,Attending,Yes
B944138,18/02/2021,A1012088,Attending,Yes
B944149,18/02/2021,A1012099,Attending,Yes
B944151,18/02/2021,A1012101,Attending,Yes
B944154,18/02/2021,A1012104,Attending,Yes
B944157,18/02/2021,A1012107,Attending,Yes
B944158,18/02/2021,A1012108,Attending,Yes
B944173,18/02/2021,A1012123,Attending,Yes
B944174,18/02/2021,A1012124,Attending,Yes
B944178,18/02/2021,A1012128,Attending,Yes
B944191,18/02/2021,A1012141,Attending,Yes
B944194,18/02/2021,A1012144,Attending,Yes
B944196,18/02/2021,A1012146,Attending,Yes
B944199,18/02/2021,A1012149,Attending,Yes
B944205,18/02/2021,A1012155,Attending,Yes
B944216,18/02/2021,A1012166,Attending,Yes
B944220,18/02/2021,A1012170,Attending,Yes
B944230,18/02/2021,A1012180,Attending,Yes
B944234,18/02/2021,A1012184,Attending,Yes
B944237,18/02/2021,A1012187,Attending,Yes
B944259,18/02/2021,A1012209,Attending,Yes
B944261,18/02/2021,A1012211,Attending,Yes
B944268,18/02/2021,A1012218,Attending,Yes
B944284,18/02/2021,A1012234,Attending,Yes
B944289,18/02/2021,A1012239,Attending,Yes
B944297,18/02/2021,A1012247,Attending,Yes
B944311,18/02/2021,A1012261,Attending,Yes
B944338,18/02/2021,A1012288,Attending,Yes
B944344,18/02/2021,A1012294,Attending,Yes
B944353,18/02/2021,A1012303,Attending,Yes
B944362,18/02/2021,A1012312,Attending,Yes
B944397,19/02/2021,A1012347,Attending,Yes
B944442,19/02/2021,A1012392,Attending,Yes
B944444,19/02/2021,A1012394,Attending,Yes
B944448,19/02/2021,A1012398,Attending,Yes
B944452,19/02/2021,A1012402,Attending,Yes
B944458,19/02/2021,A1012408,Attending,Yes
B944459,19/02/2021,A1012409,Attending,Yes
B944465,19/02/2021,A1012415,Attending,Yes
B944477,19/02/2021,A1012427,Attending,Yes
B944481,19/02/2021,A1012431,Attending,Yes
B944501,19/02/2021,A1012451,Attending,Yes
B944513,19/02/2021,A1012463,Attending,Yes
B944513,19/02/2021,A1012464,Attending,Yes
B944513,19/02/2021,A1012465,Attending,Yes
B944521,19/02/2021,A1012473,Attending,Yes
B944521,19/02/2021,A1012474,Attending,Yes
B944539,19/02/2021,A1012492,Attending,Yes
B944543,19/02/2021,A1012496,Attending,Yes
B944544,19/02/2021,A1012497,Attending,Yes
B944551,19/02/2021,A1012504,Attending,Yes
B944566,19/02/2021,A1012519,Attending,Yes
B944567,19/02/2021,A1012520,Attending,Yes
B944571,19/02/2021,A1012524,Attending,Yes
B944576,19/02/2021,A1012529,Attending,Yes
B944578,19/02/2021,A1012531,Attending,Yes
B944580,19/02/2021,A1012533,Attending,Yes
B944602,19/02/2021,A1012555,Attending,Yes
B944618,19/02/2021,A1012571,Attending,Yes
B944619,19/02/2021,A1012572,Attending,Yes
B944635,19/02/2021,A1012588,Attending,Yes
B944641,19/02/2021,A1012594,Attending,Yes
B944682,19/02/2021,A1012635,Attending,Yes
B944741,19/02/2021,A1012694,Attending,Yes
B944748,19/02/2021,A1012701,Attending,Yes
B944761,19/02/2021,A1012714,Attending,Yes
B944775,19/02/2021,A1012728,Attending,Yes
B944776,19/02/2021,A1012729,Attending,Yes
B944782,19/02/2021,A1012735,Attending,Yes
B944785,19/02/2021,A1012738,Attending,Yes
B944812,19/02/2021,A1012766,Attending,Yes
B944830,19/02/2021,A1012784,Attending,Yes
B944865,19/02/2021,A1012819,Attending,Yes
B944905,19/02/2021,A1012859,Attending,Yes
B944954,19/02/2021,A1012908,Attending,Yes
B944968,19/02/2021,A1012922,Attending,Yes
B945007,19/02/2021,A1012961,Attending,Yes
B945007,19/02/2021,A1012962,Attending,Yes
B945070,19/02/2021,A1013025,Attending,Yes
B945082,19/02/2021,A1013037,Attending,Yes
B945083,19/02/2021,A1013038,Attending,Yes
B945119,19/02/2021,A1013074,Attending,Yes
B945223,20/02/2021,A1013178,Attending,Yes
B945274,20/02/2021,A1013229,Attending,Yes
B945301,20/02/2021,A1013256,Attending,Yes
B945376,20/02/2021,A1013331,Attending,Yes
B945400,21/02/2021,A1013355,Attending,Yes
B945410,21/02/2021,A1013365,Attending,Yes
B945432,21/02/2021,A1013387,Attending,Yes
B945446,21/02/2021,A1013401,Attending,Yes
B945496,21/02/2021,A1013451,Attending,Yes
B945520,21/02/2021,A1013475,Attending,Yes
B945520,21/02/2021,A1013476,Attending,Yes
B945545,21/02/2021,A1013501,Attending,Yes
B945565,21/02/2021,A1013521,Attending,Yes
B945572,21/02/2021,A1013528,Attending,Yes
B945615,22/02/2021,A1013571,Attending,Yes
B945615,22/02/2021,A1013572,Attending,Yes
B945625,22/02/2021,A1013582,Attending,Yes
B945626,22/02/2021,A1013583,Attending,Yes
B945630,22/02/2021,A1013587,Attending,Yes
B945631,22/02/2021,A1013588,Attending,Yes
B945634,22/02/2021,A1013591,Attending,Yes
B945635,22/02/2021,A1013592,Attending,Yes
B945637,22/02/2021,A1013594,Attending,Yes
B945639,22/02/2021,A1013596,Attending,Yes
B945640,22/02/2021,A1013597,Attending,Yes
B945642,22/02/2021,A1013599,Attending,Yes
B945644,22/02/2021,A1013601,Attending,Yes
B945645,22/02/2021,A1013602,Attending,Yes
B945649,22/02/2021,A1013606,Attending,Yes
B945652,22/02/2021,A1013609,Attending,Yes
B945653,22/02/2021,A1013610,Attending,Yes
B945655,22/02/2021,A1013612,Attending,Yes
B945658,22/02/2021,A1013615,Attending,Yes
B945659,22/02/2021,A1013616,Attending,Yes
B945660,22/02/2021,A1013617,Attending,Yes
B945663,22/02/2021,A1013620,Attending,Yes
B945667,22/02/2021,A1013624,Attending,Yes
B945668,22/02/2021,A1013625,Attending,Yes
B945670,22/02/2021,A1013627,Attending,Yes
B945676,22/02/2021,A1013633,Attending,Yes
B945682,22/02/2021,A1013639,Attending,Yes
B945683,22/02/2021,A1013640,Attending,Yes
B945684,22/02/2021,A1013641,Attending,Yes
B945690,22/02/2021,A1013647,Attending,Yes
B945692,22/02/2021,A1013649,Attending,Yes
B945699,22/02/2021,A1013656,Attending,Yes
B945700,22/02/2021,A1013657,Attending,Yes
B945717,22/02/2021,A1013674,Attending,Yes
B945725,22/02/2021,A1013682,Attending,Yes
B945733,22/02/2021,A1013690,Attending,Yes
B945736,22/02/2021,A1013693,Attending,Yes
B945739,22/02/2021,A1013696,Attending,Yes
B945748,22/02/2021,A1013705,Attending,Yes
B945749,22/02/2021,A1013706,Attending,Yes
B945751,22/02/2021,A1013708,Attending,Yes
B945756,22/02/2021,A1013713,Attending,Yes
B945757,22/02/2021,A1013714,Attending,Yes
B945758,22/02/2021,A1013715,Attending,Yes
B945759,22/02/2021,A1013716,Attending,Yes
B945768,22/02/2021,A1013725,Attending,Yes
B945768,22/02/2021,A1013726,Attending,Yes
B945774,22/02/2021,A1013732,Attending,Yes
B945784,22/02/2021,A1013742,Attending,Yes
B945785,22/02/2021,A1013743,Attending,Yes
B945793,22/02/2021,A1013751,Attending,Yes
B945801,22/02/2021,A1013759,Attending,Yes
B945803,22/02/2021,A1013761,Attending,Yes
B945808,22/02/2021,A1013766,Attending,Yes
B945812,22/02/2021,A1013770,Attending,Yes
B945833,22/02/2021,A1013791,Attending,Yes
B945838,22/02/2021,A1013796,Attending,Yes
B945839,22/02/2021,A1013797,Attending,Yes
B945848,22/02/2021,A1013806,Attending,Yes
B945851,22/02/2021,A1013809,Attending,Yes
B945851,22/02/2021,A1013810,Attending,Yes
B945853,22/02/2021,A1013812,Attending,Yes
B945870,22/02/2021,A1013829,Attending,Yes
B945873,22/02/2021,A1013832,Attending,Yes
B945901,22/02/2021,A1013860,Attending,Yes
B945912,22/02/2021,A1013871,Attending,Yes
B945914,22/02/2021,A1013873,Attending,Yes
B945917,22/02/2021,A1013876,Attending,Yes
B945917,22/02/2021,A1013877,Attending,Yes
B945917,22/02/2021,A1013878,Attending,Yes
B945919,22/02/2021,A1013880,Attending,Yes
B945925,22/02/2021,A1013886,Attending,Yes
B945938,22/02/2021,A1013899,Attending,Yes
B945949,22/02/2021,A1013910,Attending,Yes
B945964,22/02/2021,A1013925,Attending,Yes
B945972,22/02/2021,A1013933,Attending,Yes
B945984,22/02/2021,A1013945,Attending,Yes
B945989,22/02/2021,A1013950,Attending,Yes
B945992,22/02/2021,A1013953,Attending,Yes
B945994,22/02/2021,A1013955,Attending,Yes
B945996,22/02/2021,A1013957,Attending,Yes
B946030,22/02/2021,A1013991,Attending,Yes
B946030,22/02/2021,A1013992,Cancelled,Yes
B946046,22/02/2021,A1014008,Attending,Yes
B946049,22/02/2021,A1014011,Attending,Yes
B946055,22/02/2021,A1014017,Attending,Yes
B946063,22/02/2021,A1014025,Attending,Yes
B946067,22/02/2021,A1014029,Attending,Yes
B946069,22/02/2021,A1014031,Attending,Yes
B946074,22/02/2021,A1014036,Attending,Yes
B946078,22/02/2021,A1014040,Attending,Yes
B946079,22/02/2021,A1014041,Attending,Yes
B946086,22/02/2021,A1014048,Attending,Yes
B946088,22/02/2021,A1014050,Attending,Yes
B946089,22/02/2021,A1014051,Attending,Yes
B946105,22/02/2021,A1014067,Attending,Yes
B946108,22/02/2021,A1014070,Attending,Yes
B946114,22/02/2021,A1014076,Attending,Yes
B946117,22/02/2021,A1014079,Attending,Yes
B946119,22/02/2021,A1014081,Attending,Yes
B946124,22/02/2021,A1014086,Attending,Yes
B946135,22/02/2021,A1014097,Attending,Yes
B946152,22/02/2021,A1014114,Attending,Yes
B946155,22/02/2021,A1014117,Attending,Yes
B946175,22/02/2021,A1014137,Attending,Yes
B946189,22/02/2021,A1014151,Attending,Yes
B946191,22/02/2021,A1014153,Attending,Yes
B946193,22/02/2021,A1014155,Attending,Yes
B946204,22/02/2021,A1014166,Attending,Yes
B946248,22/02/2021,A1014210,Attending,Yes
B946262,22/02/2021,A1014224,Attending,Yes
B946287,22/02/2021,A1014249,Attending,Yes
B946313,22/02/2021,A1014275,Attending,Yes
B946334,22/02/2021,A1014296,Attending,Yes
B946338,22/02/2021,A1014300,Attending,Yes
B946345,22/02/2021,A1014307,Attending,Yes
B946403,22/02/2021,A1014365,Attending,Yes
B946421,23/02/2021,A1014383,Attending,Yes
B946447,23/02/2021,A1014409,Attending,Yes
B946453,23/02/2021,A1014415,Attending,Yes
B946457,23/02/2021,A1014419,Attending,Yes
B946460,23/02/2021,A1014422,Attending,Yes
B946461,23/02/2021,A1014423,Attending,Yes
B946462,23/02/2021,A1014424,Attending,Yes
B946465,23/02/2021,A1014427,Attending,Yes
B946466,23/02/2021,A1014428,Attending,Yes
B946467,23/02/2021,A1014429,Attending,Yes
B946473,23/02/2021,A1014435,Attending,Yes
B946475,23/02/2021,A1014437,Attending,Yes
B946478,23/02/2021,A1014440,Attending,Yes
B946482,23/02/2021,A1014444,Attending,Yes
B946487,23/02/2021,A1014449,Attending,Yes
B946494,23/02/2021,A1014456,Attending,Yes
B946502,23/02/2021,A1014464,Attending,Yes
B946505,23/02/2021,A1014467,Attending,Yes
B946523,23/02/2021,A1014485,Attending,Yes
B946527,23/02/2021,A1014489,Attending,Yes
B946529,23/02/2021,A1014491,Attending,Yes
B946532,23/02/2021,A1014494,Attending,Yes
B946533,23/02/2021,A1014495,Attending,Yes
B946535,23/02/2021,A1014497,Attending,Yes
B946537,23/02/2021,A1014499,Attending,Yes
B946538,23/02/2021,A1014500,Attending,Yes
B946539,23/02/2021,A1014501,Attending,Yes
B946541,23/02/2021,A1014503,Attending,Yes
B946545,23/02/2021,A1014507,Attending,Yes
B946550,23/02/2021,A1014512,Attending,Yes
B946552,23/02/2021,A1014514,Attending,Yes
B946555,23/02/2021,A1014517,Attending,Yes
B946559,23/02/2021,A1014521,Attending,Yes
B946561,23/02/2021,A1014523,Attending,Yes
B946564,23/02/2021,A1014526,Attending,Yes
B946580,23/02/2021,A1014542,Attending,Yes
B946588,23/02/2021,A1014550,Attending,Yes
B946592,23/02/2021,A1014554,Attending,Yes
B946604,23/02/2021,A1014566,Attending,Yes
B946615,23/02/2021,A1014577,Attending,Yes
B946620,23/02/2021,A1014582,Attending,Yes
B946620,23/02/2021,A1014583,Attending,Yes
B946638,23/02/2021,A1014601,Attending,Yes
B946659,23/02/2021,A1014622,Attending,Yes
B946683,23/02/2021,A1014646,Attending,Yes
B946691,23/02/2021,A1014654,Attending,Yes
B946710,23/02/2021,A1014673,Attending,Yes
B946716,23/02/2021,A1014679,Attending,Yes
B946718,23/02/2021,A1014681,Attending,Yes
B946720,23/02/2021,A1014683,Attending,Yes
B946727,23/02/2021,A1014690,Attending,Yes
B946751,23/02/2021,A1014714,Attending,Yes
B946771,23/02/2021,A1014734,Attending,Yes
B946777,23/02/2021,A1014740,Attending,Yes
B946782,23/02/2021,A1014745,Attending,Yes
B946784,23/02/2021,A1014747,Attending,Yes
B946790,23/02/2021,A1014753,Attending,Yes
B946796,23/02/2021,A1014759,Attending,Yes
B946806,23/02/2021,A1014769,Attending,Yes
B946812,23/02/2021,A1014775,Attending,Yes
B946824,23/02/2021,A1014787,Attending,Yes
B946828,23/02/2021,A1014791,Attending,Yes
B946832,23/02/2021,A1014795,Attending,Yes
B946836,23/02/2021,A1014799,Attending,Yes
B946837,23/02/2021,A1014800,Attending,Yes
B946840,23/02/2021,A1014803,Attending,Yes
B946844,23/02/2021,A1014807,Attending,Yes
B946845,23/02/2021,A1014808,Attending,Yes
B946852,23/02/2021,A1014815,Attending,Yes
B946859,23/02/2021,A1014822,Attending,Yes
B946864,23/02/2021,A1014827,Attending,Yes
B946870,23/02/2021,A1014833,Attending,Yes
B946871,23/02/2021,A1014834,Attending,Yes
B946872,23/02/2021,A1014835,Attending,Yes
B946877,23/02/2021,A1014840,Attending,Yes
B946883,23/02/2021,A1014846,Attending,Yes
B946896,23/02/2021,A1014859,Attending,Yes
B946903,23/02/2021,A1014866,Attending,Yes
B946910,23/02/2021,A1014873,Attending,Yes
B946912,23/02/2021,A1014875,Attending,Yes
B946926,23/02/2021,A1014889,Attending,Yes
B946926,23/02/2021,A1014890,Attending,Yes
B946927,23/02/2021,A1014891,Attending,Yes
B946933,23/02/2021,A1014897,Attending,Yes
B946942,23/02/2021,A1014906,Attending,Yes
B946943,23/02/2021,A1014907,Attending,Yes
B946943,23/02/2021,A1014908,Attending,Yes
B946950,23/02/2021,A1014915,Attending,Yes
B946963,23/02/2021,A1014928,Attending,Yes
B947002,23/02/2021,A1014967,Attending,Yes
B947010,23/02/2021,A1014975,Attending,Yes
B947031,23/02/2021,A1014996,Attending,Yes
B947105,23/02/2021,A1015070,Attending,Yes
B947128,23/02/2021,A1015093,Attending,Yes
B947169,23/02/2021,A1015134,Attending,Yes
B947230,24/02/2021,A1015195,Attending,Yes
B947236,24/02/2021,A1015201,Attending,Yes
B947241,24/02/2021,A1015206,Attending,Yes
B947245,24/02/2021,A1015210,Attending,Yes
B947246,24/02/2021,A1015211,Attending,Yes
B947254,24/02/2021,A1015219,Attending,Yes
B947264,24/02/2021,A1015229,Attending,Yes
B947294,24/02/2021,A1015259,Attending,Yes
B947321,24/02/2021,A1015286,Attending,Yes
B947322,24/02/2021,A1015287,Attending,Yes
B947328,24/02/2021,A1015293,Attending,Yes
B947336,24/02/2021,A1015301,Cancelled,Yes
B947363,24/02/2021,A1015328,Attending,Yes
B947365,24/02/2021,A1015330,Attending,Yes
B947366,24/02/2021,A1015331,Attending,Yes
B947370,24/02/2021,A1015335,Attending,Yes
B947370,24/02/2021,A1015336,Attending,Yes
B947376,24/02/2021,A1015342,Attending,Yes
B947382,24/02/2021,A1015348,Attending,Yes
B947403,24/02/2021,A1015369,Attending,Yes
B947403,24/02/2021,A1015370,Cancelled,Yes
B947407,24/02/2021,A1015374,Attending,Yes
B947413,24/02/2021,A1015380,Attending,Yes
B947429,24/02/2021,A1015396,Attending,Yes
B947446,24/02/2021,A1015413,Attending,Yes
B947447,24/02/2021,A1015414,Attending,Yes
B947453,24/02/2021,A1015420,Attending,Yes
B947459,24/02/2021,A1015426,Attending,Yes
B947490,24/02/2021,A1015457,Attending,Yes
B947495,24/02/2021,A1015462,Attending,Yes
B947512,24/02/2021,A1015479,Attending,Yes
B947520,24/02/2021,A1015487,Attending,Yes
B947536,24/02/2021,A1015503,Attending,Yes
B947537,24/02/2021,A1015504,Attending,Yes
B947542,24/02/2021,A1015509,Attending,Yes
B947547,24/02/2021,A1015514,Attending,Yes
B947556,24/02/2021,A1015523,Attending,Yes
B947560,24/02/2021,A1015527,Attending,Yes
B947561,24/02/2021,A1015528,Attending,Yes
B947570,24/02/2021,A1015537,Attending,Yes
B947570,24/02/2021,A1015538,Attending,Yes
B947570,24/02/2021,A1015539,Attending,Yes
B947581,24/02/2021,A1015550,Attending,Yes
B947586,24/02/2021,A1015555,Attending,Yes
B947592,24/02/2021,A1015561,Attending,Yes
B947599,24/02/2021,A1015568,Attending,Yes
B947599,24/02/2021,A1015569,Attending,Yes
B947608,24/02/2021,A1015578,Attending,Yes
B947613,24/02/2021,A1015583,Attending,Yes
B947620,24/02/2021,A1015590,Attending,Yes
B947627,24/02/2021,A1015597,Attending,Yes
B947627,24/02/2021,A1015598,Attending,Yes
B947627,24/02/2021,A1015599,Attending,Yes
B947628,24/02/2021,A1015600,Attending,Yes
B947633,24/02/2021,A1015605,Attending,Yes
B947637,24/02/2021,A1015609,Attending,Yes
B947639,24/02/2021,A1015611,Attending,Yes
B947652,24/02/2021,A1015624,Attending,Yes
B947652,24/02/2021,A1015625,Cancelled,Yes
B947660,24/02/2021,A1015633,Attending,Yes
B947760,24/02/2021,A1015733,Attending,Yes
B947963,24/02/2021,A1015936,Attending,Yes
B948038,25/02/2021,A1016011,Attending,Yes
B948051,25/02/2021,A1016024,Attending,Yes
B948061,25/02/2021,A1016034,Attending,Yes
B948066,25/02/2021,A1016039,Attending,Yes
B948144,25/02/2021,A1016117,Attending,Yes
B948152,25/02/2021,A1016125,Attending,Yes
B948165,25/02/2021,A1016138,Attending,Yes
B948173,25/02/2021,A1016146,Attending,Yes
B948173,25/02/2021,A1016147,Attending,Yes
B948194,25/02/2021,A1016168,Attending,Yes
B948194,25/02/2021,A1016169,Attending,Yes
B948245,25/02/2021,A1016220,Attending,Yes
B948316,25/02/2021,A1016291,Attending,Yes
B948330,25/02/2021,A1016305,Attending,Yes
B948372,25/02/2021,A1016347,Attending,Yes
B948544,25/02/2021,A1016519,Attending,Yes
B948555,25/02/2021,A1016530,Attending,Yes
B948559,25/02/2021,A1016534,Attending,Yes
B948677,25/02/2021,A1016652,Attending,Yes
B948677,25/02/2021,A1016653,Attending,Yes
B948698,25/02/2021,A1016674,Attending,Yes
B948702,25/02/2021,A1016678,Attending,Yes
B948713,25/02/2021,A1016689,Attending,Yes
B948740,26/02/2021,A1016716,Attending,Yes
B948747,26/02/2021,A1016723,Attending,Yes
B948763,26/02/2021,A1016739,Attending,Yes
B948766,26/02/2021,A1016742,Attending,Yes
B948806,26/02/2021,A1016782,Attending,Yes
B948819,26/02/2021,A1016795,Attending,Yes
B948840,26/02/2021,A1016816,Attending,Yes
B948855,26/02/2021,A1016831,Attending,Yes
B948871,26/02/2021,A1016847,Attending,Yes
B948902,26/02/2021,A1016878,Attending,Yes
B948952,26/02/2021,A1016928,Attending,Yes
B948952,26/02/2021,A1016929,Attending,Yes
B948952,26/02/2021,A1016930,Attending,Yes
B948962,26/02/2021,A1016940,Attending,Yes
B948992,26/02/2021,A1016970,Attending,Yes
B948997,26/02/2021,A1016975,Attending,Yes
B949005,26/02/2021,A1016983,Attending,Yes
B949018,26/02/2021,A1016996,Attending,Yes
B949255,26/02/2021,A1017233,Attending,Yes
B949486,27/02/2021,A1017464,Attending,Yes
B949781,01/03/2021,A1017760,Attending,Yes
B949786,01/03/2021,A1017765,Attending,Yes
B949787,01/03/2021,A1017766,Attending,Yes
B949840,01/03/2021,A1017819,Attending,Yes
B949860,01/03/2021,A1017839,Attending,Yes
B949887,01/03/2021,A1017866,Attending,Yes
B949909,01/03/2021,A1017888,Attending,Yes
B949925,01/03/2021,A1017904,Attending,Yes
B949984,01/03/2021,A1017963,Attending,Yes
B950011,01/03/2021,A1017990,Attending,Yes
B950062,01/03/2021,A1018041,Attending,Yes
B950088,01/03/2021,A1018067,Attending,Yes
B950091,01/03/2021,A1018070,Attending,Yes
B950139,01/03/2021,A1018118,Attending,Yes
B950158,01/03/2021,A1018137,Attending,Yes
B950183,01/03/2021,A1018162,Attending,Yes
B950334,01/03/2021,A1018313,Attending,Yes
B950591,02/03/2021,A1018570,Attending,Yes
B950651,02/03/2021,A1018630,Attending,Yes
B950655,02/03/2021,A1018634,Attending,Yes
B950698,02/03/2021,A1018678,Attending,Yes
B950713,02/03/2021,A1018693,Attending,Yes
B950760,02/03/2021,A1018740,Attending,Yes
B950790,02/03/2021,A1018770,Attending,Yes
B950844,02/03/2021,A1018825,Attending,Yes
B950907,02/03/2021,A1018888,Attending,Yes
B950907,02/03/2021,A1018889,Attending,Yes
B950961,02/03/2021,A1018943,Attending,Yes
B950961,02/03/2021,A1018944,Attending,Yes
B950961,02/03/2021,A1018945,Attending,Yes
B951279,03/03/2021,A1019266,Attending,Yes
B951293,03/03/2021,A1019280,Attending,Yes
B951313,03/03/2021,A1019300,Attending,Yes
B951315,03/03/2021,A1019302,Attending,Yes
B951328,03/03/2021,A1019315,Attending,Yes
B951328,03/03/2021,A1019316,Attending,Yes
B951328,03/03/2021,A1019317,Attending,Yes
B951341,03/03/2021,A1019330,Attending,Yes
B951352,03/03/2021,A1019341,Attending,Yes
B951439,03/03/2021,A1019429,Attending,Yes
B951453,03/03/2021,A1019443,Attending,Yes
B951527,03/03/2021,A1019517,Attending,Yes
B951628,03/03/2021,A1019618,Attending,Yes
B951630,03/03/2021,A1019620,Attending,Yes
B951631,03/03/2021,A1019621,Attending,Yes
B951633,03/03/2021,A1019623,Attending,Yes
B951635,03/03/2021,A1019625,Attending,Yes
B951636,03/03/2021,A1019626,Attending,Yes
B951638,03/03/2021,A1019628,Attending,Yes
B951640,03/03/2021,A1019630,Attending,Yes
B951641,03/03/2021,A1019631,Attending,Yes
B951643,03/03/2021,A1019633,Attending,Yes
B951644,03/03/2021,A1019634,Attending,Yes
B951650,03/03/2021,A1019640,Attending,Yes
B951651,03/03/2021,A1019641,Attending,Yes
B951652,03/03/2021,A1019642,Attending,Yes
B951653,03/03/2021,A1019643,Attending,Yes
B951653,03/03/2021,A1019644,Attending,Yes
B951656,03/03/2021,A1019647,Attending,Yes
B951656,03/03/2021,A1019648,Attending,Yes
B951658,03/03/2021,A1019650,Attending,Yes
B951658,03/03/2021,A1019651,Cancelled,Yes
B951666,03/03/2021,A1019659,Attending,Yes
B951668,03/03/2021,A1019661,Attending,Yes
B951669,03/03/2021,A1019662,Attending,Yes
B951672,03/03/2021,A1019665,Attending,Yes
B951674,03/03/2021,A1019667,Attending,Yes
B951682,03/03/2021,A1019675,Attending,Yes
B951683,03/03/2021,A1019676,Attending,Yes
B951692,03/03/2021,A1019685,Attending,Yes
B951693,03/03/2021,A1019686,Attending,Yes
B951693,03/03/2021,A1019687,Attending,Yes
B951693,03/03/2021,A1019688,Attending,Yes
B951694,03/03/2021,A1019689,Attending,Yes
B951696,03/03/2021,A1019691,Attending,Yes
B951697,03/03/2021,A1019692,Attending,Yes
B951700,03/03/2021,A1019695,Attending,Yes
B951703,03/03/2021,A1019698,Attending,Yes
B951711,03/03/2021,A1019706,Attending,Yes
B951715,03/03/2021,A1019710,Attending,Yes
B951715,03/03/2021,A1019711,Attending,Yes
B951717,03/03/2021,A1019713,Attending,Yes
B951718,03/03/2021,A1019714,Attending,Yes
B951724,03/03/2021,A1019720,Attending,Yes
B951724,03/03/2021,A1019721,Attending,Yes
B951725,03/03/2021,A1019722,Attending,Yes
B951726,03/03/2021,A1019723,Attending,Yes
B951727,03/03/2021,A1019724,Attending,Yes
B951729,03/03/2021,A1019726,Attending,Yes
B951735,03/03/2021,A1019732,Attending,Yes
B951735,03/03/2021,A1019733,Attending,Yes
B951745,03/03/2021,A1019743,Cancelled,Yes
B951746,03/03/2021,A1019744,Attending,Yes
B951747,03/03/2021,A1019745,Attending,Yes
B951758,03/03/2021,A1019756,Attending,Yes
B951759,03/03/2021,A1019757,Attending,Yes
B951769,03/03/2021,A1019767,Attending,Yes
B951769,03/03/2021,A1019768,Attending,Yes
B951770,03/03/2021,A1019769,Attending,Yes
B951788,03/03/2021,A1019787,Attending,Yes
B951790,03/03/2021,A1019789,Attending,Yes
B951793,03/03/2021,A1019792,Attending,Yes
B951793,03/03/2021,A1019793,Attending,Yes
B951795,03/03/2021,A1019795,Attending,Yes
B951809,03/03/2021,A1019809,Attending,Yes
B951812,03/03/2021,A1019812,Attending,Yes
B951820,03/03/2021,A1019820,Attending,Yes
B951820,03/03/2021,A1019821,Attending,Yes
B951834,03/03/2021,A1019835,Attending,Yes
B951840,03/03/2021,A1019841,Attending,Yes
B951857,03/03/2021,A1019858,Attending,Yes
B951860,03/03/2021,A1019861,Attending,Yes
B951863,03/03/2021,A1019864,Attending,Yes
B951863,03/03/2021,A1019865,Attending,Yes
B951865,03/03/2021,A1019867,Attending,Yes
B951867,03/03/2021,A1019869,Attending,Yes
B951868,03/03/2021,A1019870,Attending,Yes
B951881,03/03/2021,A1019883,Attending,Yes
B951881,03/03/2021,A1019884,Attending,Yes
B951892,03/03/2021,A1019895,Attending,Yes
B951907,03/03/2021,A1019910,Attending,Yes
B951923,03/03/2021,A1019926,Attending,Yes
B951928,03/03/2021,A1019931,Attending,Yes
B951934,03/03/2021,A1019937,Attending,Yes
B952031,04/03/2021,A1020034,Attending,Yes
B952040,04/03/2021,A1020043,Attending,Yes
B952041,04/03/2021,A1020044,Attending,Yes
B952043,04/03/2021,A1020046,Attending,Yes
B952046,04/03/2021,A1020049,Attending,Yes
B952048,04/03/2021,A1020051,Attending,Yes
B952056,04/03/2021,A1020059,Attending,Yes
B952056,04/03/2021,A1020060,Attending,Yes
B952057,04/03/2021,A1020061,Attending,Yes
B952058,04/03/2021,A1020062,Attending,Yes
B952060,04/03/2021,A1020064,Attending,Yes
B952065,04/03/2021,A1020069,Attending,Yes
B952070,04/03/2021,A1020074,Attending,Yes
B952071,04/03/2021,A1020075,Attending,Yes
B952072,04/03/2021,A1020076,Attending,Yes
B952076,04/03/2021,A1020080,Attending,Yes
B952078,04/03/2021,A1020082,Attending,Yes
B952079,04/03/2021,A1020083,Attending,Yes
B952079,04/03/2021,A1020084,Attending,Yes
B952081,04/03/2021,A1020086,Attending,Yes
B952082,04/03/2021,A1020087,Attending,Yes
B952083,04/03/2021,A1020088,Attending,Yes
B952085,04/03/2021,A1020090,Attending,Yes
B952086,04/03/2021,A1020091,Cancelled,Yes
B952088,04/03/2021,A1020093,Attending,Yes
B952089,04/03/2021,A1020094,Attending,Yes
B952091,04/03/2021,A1020096,Cancelled,Yes
B952093,04/03/2021,A1020098,Attending,Yes
B952096,04/03/2021,A1020101,Attending,Yes
B952097,04/03/2021,A1020102,Attending,Yes
B952102,04/03/2021,A1020107,Attending,Yes
B952105,04/03/2021,A1020110,Attending,Yes
B952106,04/03/2021,A1020111,Attending,Yes
B952109,04/03/2021,A1020114,Attending,Yes
B952111,04/03/2021,A1020116,Attending,Yes
B952114,04/03/2021,A1020119,Attending,Yes
B952117,04/03/2021,A1020122,Attending,Yes
B952120,04/03/2021,A1020125,Attending,Yes
B952121,04/03/2021,A1020126,Attending,Yes
B952122,04/03/2021,A1020127,Attending,Yes
B952125,04/03/2021,A1020130,Attending,Yes
B952126,04/03/2021,A1020131,Attending,Yes
B952129,04/03/2021,A1020134,Attending,Yes
B952131,04/03/2021,A1020136,Attending,Yes
B952134,04/03/2021,A1020139,Attending,Yes
B952144,04/03/2021,A1020149,Attending,Yes
B952145,04/03/2021,A1020150,Attending,Yes
B952146,04/03/2021,A1020151,Attending,Yes
B952149,04/03/2021,A1020154,Attending,Yes
B952155,04/03/2021,A1020160,Attending,Yes
B952159,04/03/2021,A1020164,Attending,Yes
B952160,04/03/2021,A1020165,Attending,Yes
B952161,04/03/2021,A1020166,Attending,Yes
B952167,04/03/2021,A1020172,Attending,Yes
B952168,04/03/2021,A1020173,Attending,Yes
B952173,04/03/2021,A1020178,Attending,Yes
B952176,04/03/2021,A1020181,Attending,Yes
B952177,04/03/2021,A1020182,Attending,Yes
B952184,04/03/2021,A1020189,Attending,Yes
B952185,04/03/2021,A1020190,Attending,Yes
B952206,04/03/2021,A1020211,Attending,Yes
B952212,04/03/2021,A1020217,Attending,Yes
B952216,04/03/2021,A1020221,Attending,Yes
B952222,04/03/2021,A1020227,Attending,Yes
B952225,04/03/2021,A1020230,Attending,Yes
B952227,04/03/2021,A1020232,Attending,Yes
B952238,04/03/2021,A1020243,Attending,Yes
B952238,04/03/2021,A1020244,Attending,Yes
B952240,04/03/2021,A1020246,Attending,Yes
B952245,04/03/2021,A1020251,Attending,Yes
B952256,04/03/2021,A1020262,Attending,Yes
B952257,04/03/2021,A1020263,Attending,Yes
B952259,04/03/2021,A1020265,Attending,Yes
B952261,04/03/2021,A1020267,Attending,Yes
B952271,04/03/2021,A1020277,Attending,Yes
B952274,04/03/2021,A1020280,Attending,Yes
B952289,04/03/2021,A1020295,Attending,Yes
B952291,04/03/2021,A1020297,Attending,Yes
B952293,04/03/2021,A1020299,Attending,Yes
B952295,04/03/2021,A1020301,Attending,Yes
B952296,04/03/2021,A1020302,Attending,Yes
B952298,04/03/2021,A1020304,Attending,Yes
B952300,04/03/2021,A1020306,Attending,Yes
B952305,04/03/2021,A1020311,Attending,Yes
B952309,04/03/2021,A1020315,Attending,Yes
B952315,04/03/2021,A1020321,Attending,Yes
B952328,04/03/2021,A1020334,Attending,Yes
B952352,04/03/2021,A1020358,Attending,Yes
B952353,04/03/2021,A1020359,Attending,Yes
B952360,04/03/2021,A1020366,Attending,Yes
B952381,04/03/2021,A1020387,Attending,Yes
B952395,04/03/2021,A1020401,Attending,Yes
B952397,04/03/2021,A1020403,Attending,Yes
B952411,04/03/2021,A1020417,Attending,Yes
B952414,04/03/2021,A1020420,Attending,Yes
B952427,04/03/2021,A1020433,Attending,Yes
B952451,04/03/2021,A1020457,Attending,Yes
B952457,04/03/2021,A1020463,Attending,Yes
B952470,04/03/2021,A1020476,Attending,Yes
B952489,04/03/2021,A1020495,Attending,Yes
B952501,04/03/2021,A1020507,Attending,Yes
B952507,04/03/2021,A1020513,Attending,Yes
B952510,04/03/2021,A1020516,Attending,Yes
B952516,04/03/2021,A1020522,Attending,Yes
B952552,04/03/2021,A1020558,Attending,Yes
B952558,04/03/2021,A1020564,Attending,Yes
B952576,04/03/2021,A1020582,Attending,Yes
B952583,04/03/2021,A1020589,Attending,Yes
B952586,04/03/2021,A1020592,Attending,Yes
B952594,04/03/2021,A1020600,Attending,Yes
B952597,04/03/2021,A1020603,Attending,Yes
B952598,04/03/2021,A1020604,Attending,Yes
B952624,04/03/2021,A1020630,Attending,Yes
B952716,04/03/2021,A1020722,Attending,Yes
B952717,04/03/2021,A1020723,Attending,Yes
B952734,04/03/2021,A1020740,Attending,Yes
B952750,04/03/2021,A1020756,Attending,Yes
B952847,04/03/2021,A1020853,Attending,Yes
B952855,04/03/2021,A1020861,Attending,Yes
B952862,04/03/2021,A1020868,Attending,Yes
B952931,04/03/2021,A1020937,Attending,Yes
B952941,05/03/2021,A1020947,Attending,Yes
B952973,05/03/2021,A1020979,Attending,Yes
B952985,05/03/2021,A1020991,Attending,Yes
B952997,05/03/2021,A1021003,Attending,Yes
B953009,05/03/2021,A1021015,Attending,Yes
B953016,05/03/2021,A1021022,Attending,Yes
B953035,05/03/2021,A1021041,Attending,Yes
B953035,05/03/2021,A1021042,Cancelled,Yes
B953037,05/03/2021,A1021044,Attending,Yes
B953045,05/03/2021,A1021052,Attending,Yes
B953053,05/03/2021,A1021060,Attending,Yes
B953083,05/03/2021,A1021090,Attending,Yes
B953098,05/03/2021,A1021105,Attending,Yes
B953099,05/03/2021,A1021106,Attending,Yes
B953112,05/03/2021,A1021119,Attending,Yes
B953126,05/03/2021,A1021133,Attending,Yes
B953136,05/03/2021,A1021143,Attending,Yes
B953136,05/03/2021,A1021144,Attending,Yes
B953145,05/03/2021,A1021153,Attending,Yes
B953145,05/03/2021,A1021154,Attending,Yes
B953148,05/03/2021,A1021157,Attending,Yes
B953149,05/03/2021,A1021158,Attending,Yes
B953153,05/03/2021,A1021162,Attending,Yes
B953188,05/03/2021,A1021197,Attending,Yes
B953197,05/03/2021,A1021206,Attending,Yes
B953201,05/03/2021,A1021210,Attending,Yes
B953204,05/03/2021,A1021213,Attending,Yes
B953289,05/03/2021,A1021299,Attending,Yes
B953299,05/03/2021,A1021309,Attending,Yes
B953332,05/03/2021,A1021342,Attending,Yes
B953333,05/03/2021,A1021343,Attending,Yes
B953336,05/03/2021,A1021346,Attending,Yes
B953336,05/03/2021,A1021347,Cancelled,Yes
B953356,05/03/2021,A1021367,Attending,Yes
B953410,05/03/2021,A1021421,Attending,Yes
B953427,05/03/2021,A1021438,Attending,Yes
B953458,05/03/2021,A1021469,Attending,Yes
B953483,05/03/2021,A1021494,Attending,Yes
B953541,05/03/2021,A1021552,Attending,Yes
B953609,06/03/2021,A1021620,Attending,Yes
B953610,06/03/2021,A1021621,Attending,Yes
B953610,06/03/2021,A1021622,Attending,Yes
B953654,06/03/2021,A1021666,Attending,Yes
B953657,06/03/2021,A1021669,Attending,Yes
B953732,06/03/2021,A1021744,Attending,Yes
B953749,07/03/2021,A1021761,Attending,Yes
B953782,07/03/2021,A1021794,Attending,Yes
B953856,07/03/2021,A1021868,Attending,Yes
B953880,07/03/2021,A1021892,Attending,Yes
B953880,07/03/2021,A1021893,Attending,Yes
B953947,07/03/2021,A1021960,Attending,Yes
B953947,07/03/2021,A1021961,Attending,Yes
B953947,07/03/2021,A1021962,Attending,Yes
B953947,07/03/2021,A1021963,Attending,Yes
B953947,07/03/2021,A1021964,Attending,Yes
B953955,07/03/2021,A1021972,Attending,Yes
B953958,07/03/2021,A1021975,Attending,Yes
B953959,07/03/2021,A1021976,Attending,Yes
B953961,07/03/2021,A1021978,Attending,Yes
B953999,08/03/2021,A1022016,Attending,Yes
B954007,08/03/2021,A1022024,Attending,Yes
B954009,08/03/2021,A1022026,Attending,Yes
B954011,08/03/2021,A1022028,Attending,Yes
B954017,08/03/2021,A1022034,Attending,Yes
B954019,08/03/2021,A1022036,Attending,Yes
B954032,08/03/2021,A1022049,Attending,Yes
B954033,08/03/2021,A1022050,Attending,Yes
B954038,08/03/2021,A1022055,Attending,Yes
B954039,08/03/2021,A1022056,Attending,Yes
B954040,08/03/2021,A1022057,Attending,Yes
B954042,08/03/2021,A1022059,Attending,Yes
B954044,08/03/2021,A1022061,Attending,Yes
B954056,08/03/2021,A1022073,Attending,Yes
B954077,08/03/2021,A1022094,Cancelled,Yes
B954078,08/03/2021,A1022095,Attending,Yes
B954085,08/03/2021,A1022102,Attending,Yes
B954088,08/03/2021,A1022105,Attending,Yes
B954089,08/03/2021,A1022106,Attending,Yes
B954116,08/03/2021,A1022133,Attending,Yes
B954128,08/03/2021,A1022145,Attending,Yes
B954153,08/03/2021,A1022170,Attending,Yes
B954182,08/03/2021,A1022199,Attending,Yes
B954193,08/03/2021,A1022210,Attending,Yes
B954200,08/03/2021,A1022217,Attending,Yes
B954200,08/03/2021,A1022218,Attending,Yes
B954204,08/03/2021,A1022223,Attending,Yes
B954209,08/03/2021,A1022228,Attending,Yes
B954215,08/03/2021,A1022234,Attending,Yes
B954220,08/03/2021,A1022239,Attending,Yes
B954234,08/03/2021,A1022253,Attending,Yes
B954254,08/03/2021,A1022273,Attending,Yes
B954288,08/03/2021,A1022307,Attending,Yes
B954298,08/03/2021,A1022317,Attending,Yes
B954311,08/03/2021,A1022330,Attending,Yes
B954312,08/03/2021,A1022331,Attending,Yes
B954329,08/03/2021,A1022348,Attending,Yes
B954334,08/03/2021,A1022353,Attending,Yes
B954342,08/03/2021,A1022361,Attending,Yes
B954350,08/03/2021,A1022369,Attending,Yes
B954350,08/03/2021,A1022370,Attending,Yes
B954359,08/03/2021,A1022379,Attending,Yes
B954367,08/03/2021,A1022387,Attending,Yes
B954368,08/03/2021,A1022388,Attending,Yes
B954390,08/03/2021,A1022410,Attending,Yes
B954423,08/03/2021,A1022443,Attending,Yes
B954531,08/03/2021,A1022551,Attending,Yes
B954531,08/03/2021,A1022552,Attending,Yes
B954549,08/03/2021,A1022570,Attending,Yes
B954572,08/03/2021,A1022593,Attending,Yes
B954590,08/03/2021,A1022611,Attending,Yes
B954602,08/03/2021,A1022623,Attending,Yes
B954726,08/03/2021,A1022747,Attending,Yes
B954769,09/03/2021,A1022790,Attending,Yes
B954780,09/03/2021,A1022801,Attending,Yes
B954801,09/03/2021,A1022822,Attending,Yes
B954808,09/03/2021,A1022829,Attending,Yes
B954818,09/03/2021,A1022839,Attending,Yes
B954870,09/03/2021,A1022891,Attending,Yes
B954899,09/03/2021,A1022920,Attending,Yes
B954904,09/03/2021,A1022925,Attending,Yes
B954905,09/03/2021,A1022926,Attending,Yes
B954921,09/03/2021,A1022942,Attending,Yes
B954933,09/03/2021,A1022954,Attending,Yes
B955033,09/03/2021,A1023055,Attending,Yes
B955041,09/03/2021,A1023063,Attending,Yes
B955068,09/03/2021,A1023090,Attending,Yes
B955082,09/03/2021,A1023104,Attending,Yes
B955096,09/03/2021,A1023119,Attending,Yes
B955096,09/03/2021,A1023120,Attending,Yes
B955097,09/03/2021,A1023121,Attending,Yes
B955125,09/03/2021,A1023149,Attending,Yes
B955136,09/03/2021,A1023160,Attending,Yes
B955159,09/03/2021,A1023183,Attending,Yes
B955161,09/03/2021,A1023185,Attending,Yes
B955199,09/03/2021,A1023223,Attending,Yes
B955246,09/03/2021,A1023270,Attending,Yes
B955444,10/03/2021,A1023470,Attending,Yes
B955446,10/03/2021,A1023472,Attending,Yes
B955465,10/03/2021,A1023491,Attending,Yes
B955473,10/03/2021,A1023499,Attending,Yes
B955473,10/03/2021,A1023500,Attending,Yes
B955476,10/03/2021,A1023503,Attending,Yes
B955490,10/03/2021,A1023517,Attending,Yes
B955520,10/03/2021,A1023547,Attending,Yes
B955549,10/03/2021,A1023576,Attending,Yes
B955558,10/03/2021,A1023585,Attending,Yes
B955565,10/03/2021,A1023592,Attending,Yes
B955568,10/03/2021,A1023595,Attending,Yes
B955568,10/03/2021,A1023596,Attending,Yes
B955569,10/03/2021,A1023597,Attending,Yes
B955572,10/03/2021,A1023600,Attending,Yes
B955586,10/03/2021,A1023614,Attending,Yes
B955601,10/03/2021,A1023629,Attending,Yes
B955608,10/03/2021,A1023636,Attending,Yes
B955614,10/03/2021,A1023642,Attending,Yes
B955620,10/03/2021,A1023648,Attending,Yes
B955631,10/03/2021,A1023659,Attending,Yes
B955638,10/03/2021,A1023666,Attending,Yes
B955693,10/03/2021,A1023721,Attending,Yes
B955792,10/03/2021,A1023820,Attending,Yes
B955853,10/03/2021,A1023881,Attending,Yes
B955866,10/03/2021,A1023894,Attending,Yes
B955882,10/03/2021,A1023910,Attending,Yes
B955934,10/03/2021,A1023962,Attending,Yes
B955948,10/03/2021,A1023976,Attending,Yes
B955955,10/03/2021,A1023983,Attending,Yes
B955973,10/03/2021,A1024001,Attending,Yes
B955984,10/03/2021,A1024013,Attending,Yes
B956108,10/03/2021,A1024137,Attending,Yes
B956108,10/03/2021,A1024138,Attending,Yes
B956178,10/03/2021,A1024208,Attending,Yes
B956428,10/03/2021,A1024458,Attending,Yes
B956635,11/03/2021,A1024665,Attending,Yes
B956641,11/03/2021,A1024671,Attending,Yes
B956646,11/03/2021,A1024676,Attending,Yes
B956649,11/03/2021,A1024679,Attending,Yes
B956651,11/03/2021,A1024681,Attending,Yes
B956652,11/03/2021,A1024682,Attending,Yes
B956655,11/03/2021,A1024685,Attending,Yes
B956657,11/03/2021,A1024687,Attending,Yes
B956663,11/03/2021,A1024693,Attending,Yes
B956672,11/03/2021,A1024702,Cancelled,Yes
B956673,11/03/2021,A1024703,Attending,Yes
B956674,11/03/2021,A1024704,Attending,Yes
B956683,11/03/2021,A1024713,Attending,Yes
B956689,11/03/2021,A1024719,Attending,Yes
B956695,11/03/2021,A1024725,Attending,Yes
B956719,11/03/2021,A1024749,Attending,Yes
B956723,11/03/2021,A1024753,Attending,Yes
B956725,11/03/2021,A1024755,Attending,Yes
B956736,11/03/2021,A1024766,Attending,Yes
B956738,11/03/2021,A1024768,Attending,Yes
B956739,11/03/2021,A1024769,Attending,Yes
B956743,11/03/2021,A1024773,Attending,Yes
B956743,11/03/2021,A1024774,Cancelled,Yes
B956747,11/03/2021,A1024778,Attending,Yes
B956751,11/03/2021,A1024782,Attending,Yes
B956772,11/03/2021,A1024803,Attending,Yes
B956777,11/03/2021,A1024808,Attending,Yes
B956787,11/03/2021,A1024818,Attending,Yes
B956790,11/03/2021,A1024821,Attending,Yes
B956795,11/03/2021,A1024826,Attending,Yes
B956802,11/03/2021,A1024833,Attending,Yes
B956806,11/03/2021,A1024837,Attending,Yes
B956819,11/03/2021,A1024850,Attending,Yes
B956830,11/03/2021,A1024861,Attending,Yes
B956841,11/03/2021,A1024872,Attending,Yes
B956845,11/03/2021,A1024876,Attending,Yes
B956867,11/03/2021,A1024898,Attending,Yes
B956873,11/03/2021,A1024904,Attending,Yes
B956883,11/03/2021,A1024914,Attending,Yes
B956912,11/03/2021,A1024943,Attending,Yes
B956921,11/03/2021,A1024952,Attending,Yes
B956930,11/03/2021,A1024961,Attending,Yes
B956942,11/03/2021,A1024973,Attending,Yes
B956945,11/03/2021,A1024976,Attending,Yes
B956946,11/03/2021,A1024977,Attending,Yes
B956947,11/03/2021,A1024978,Attending,Yes
B956947,11/03/2021,A1024979,Attending,Yes
B956953,11/03/2021,A1024985,Attending,Yes
B956957,11/03/2021,A1024989,Attending,Yes
B956958,11/03/2021,A1024990,Attending,Yes
B956964,11/03/2021,A1024996,Attending,Yes
B956970,11/03/2021,A1025002,Attending,Yes
B956972,11/03/2021,A1025004,Attending,Yes
B956973,11/03/2021,A1025005,Attending,Yes
B957007,11/03/2021,A1025039,Attending,Yes
B957022,11/03/2021,A1025054,Attending,Yes
B957048,11/03/2021,A1025080,Attending,Yes
B957053,11/03/2021,A1025085,Attending,Yes
B957070,11/03/2021,A1025102,Attending,Yes
B957080,11/03/2021,A1025112,Attending,Yes
B957089,11/03/2021,A1025121,Attending,Yes
B957112,11/03/2021,A1025144,Attending,Yes
B957151,11/03/2021,A1025183,Attending,Yes
B957240,11/03/2021,A1025272,Attending,Yes
B957256,11/03/2021,A1025288,Attending,Yes
B957324,11/03/2021,A1025356,Attending,Yes
B957386,12/03/2021,A1025418,Attending,Yes
B957396,12/03/2021,A1025428,Attending,Yes
B957399,12/03/2021,A1025431,Attending,Yes
B957399,12/03/2021,A1025432,Attending,Yes
B957400,12/03/2021,A1025433,Attending,Yes
B957403,12/03/2021,A1025436,Attending,Yes
B957417,12/03/2021,A1025450,Attending,Yes
B957435,12/03/2021,A1025468,Attending,Yes
B957448,12/03/2021,A1025481,Attending,Yes
B957472,12/03/2021,A1025505,Attending,Yes
B957489,12/03/2021,A1025522,Attending,Yes
B957489,12/03/2021,A1025523,Attending,Yes
B957489,12/03/2021,A1025524,Attending,Yes
B957489,12/03/2021,A1025525,Attending,Yes
B957489,12/03/2021,A1025526,Attending,Yes
B957497,12/03/2021,A1025534,Attending,Yes
B957508,12/03/2021,A1025545,Attending,Yes
B957573,12/03/2021,A1025610,Attending,Yes
B957578,12/03/2021,A1025615,Attending,Yes
B957579,12/03/2021,A1025616,Attending,Yes
B957581,12/03/2021,A1025618,Attending,Yes
B957584,12/03/2021,A1025621,Attending,Yes
B957585,12/03/2021,A1025622,Attending,Yes
B957613,12/03/2021,A1025650,Attending,Yes
B957643,12/03/2021,A1025680,Attending,Yes
B957690,12/03/2021,A1025727,Attending,Yes
B957690,12/03/2021,A1025728,Attending,Yes
B957873,13/03/2021,A1025911,Attending,Yes
B957902,13/03/2021,A1025940,Attending,Yes
B957905,13/03/2021,A1025943,Attending,Yes
B957920,13/03/2021,A1025958,Attending,Yes
B957935,13/03/2021,A1025973,Attending,Yes
B957943,13/03/2021,A1025981,Attending,Yes
B957960,13/03/2021,A1025998,Attending,Yes
B957972,13/03/2021,A1026010,Attending,Yes
B958068,13/03/2021,A1026106,Attending,Yes
B958194,14/03/2021,A1026232,Attending,Yes
B958194,14/03/2021,A1026233,Attending,Yes
B958239,14/03/2021,A1026278,Attending,Yes
B958241,14/03/2021,A1026280,Attending,Yes
B958248,14/03/2021,A1026287,Attending,Yes
B958248,14/03/2021,A1026288,Attending,Yes
B958256,14/03/2021,A1026296,Attending,Yes
B958310,14/03/2021,A1026350,Attending,Yes
B958380,15/03/2021,A1026420,Attending,Yes
B958391,15/03/2021,A1026431,Attending,Yes
B958395,15/03/2021,A1026435,Attending,Yes
B958398,15/03/2021,A1026438,Attending,Yes
B958400,15/03/2021,A1026440,Attending,Yes
B958408,15/03/2021,A1026448,Attending,Yes
B958416,15/03/2021,A1026456,Attending,Yes
B958444,15/03/2021,A1026484,Attending,Yes
B958446,15/03/2021,A1026486,Attending,Yes
B958449,15/03/2021,A1026489,Attending,Yes
B958451,15/03/2021,A1026491,Attending,Yes
B958457,15/03/2021,A1026497,Attending,Yes
B958459,15/03/2021,A1026499,Attending,Yes
B958467,15/03/2021,A1026507,Attending,Yes
B958467,15/03/2021,A1026508,Attending,Yes
B958492,15/03/2021,A1026533,Attending,Yes
B958496,15/03/2021,A1026537,Attending,Yes
B958601,15/03/2021,A1026642,Attending,Yes
B958603,15/03/2021,A1026644,Attending,Yes
B958633,15/03/2021,A1026674,Attending,Yes
B958643,15/03/2021,A1026684,Attending,Yes
B958733,15/03/2021,A1026774,Attending,Yes
B958737,15/03/2021,A1026778,Cancelled,Yes
B958737,15/03/2021,A1026779,Attending,Yes
B958761,15/03/2021,A1026803,Attending,Yes
B958820,15/03/2021,A1026862,Attending,Yes
B958893,15/03/2021,A1026935,Attending,Yes
B958942,15/03/2021,A1026998,Attending,Yes
B958955,15/03/2021,A1027011,Attending,Yes
B958971,15/03/2021,A1027027,Attending,Yes
B959151,16/03/2021,A1027208,Attending,Yes
B959155,16/03/2021,A1027212,Attending,Yes
B959169,16/03/2021,A1027226,Attending,Yes
B959177,16/03/2021,A1027234,Attending,Yes
B959192,16/03/2021,A1027249,Attending,Yes
B959193,16/03/2021,A1027250,Attending,Yes
B959231,16/03/2021,A1027288,Attending,Yes
B959232,16/03/2021,A1027289,Attending,Yes
B959289,16/03/2021,A1027346,Attending,Yes
B959289,16/03/2021,A1027347,Attending,Yes
B959294,16/03/2021,A1027352,Attending,Yes
B959322,16/03/2021,A1027380,Attending,Yes
B959356,16/03/2021,A1027414,Attending,Yes
B959360,16/03/2021,A1027418,Attending,Yes
B959367,16/03/2021,A1027425,Attending,Yes
B959377,16/03/2021,A1027435,Attending,Yes
B959428,16/03/2021,A1027486,Attending,Yes
B959430,16/03/2021,A1027488,Attending,Yes
B959442,16/03/2021,A1027500,Attending,Yes
B959451,16/03/2021,A1027509,Attending,Yes
B959457,16/03/2021,A1027515,Attending,Yes
B959492,16/03/2021,A1027550,Attending,Yes
B959503,16/03/2021,A1027561,Attending,Yes
B959520,16/03/2021,A1027578,Attending,Yes
B959575,16/03/2021,A1027633,Attending,Yes
B959592,16/03/2021,A1027650,Attending,Yes
B959592,16/03/2021,A1027651,Attending,Yes
B959691,16/03/2021,A1027750,Attending,Yes
B959708,16/03/2021,A1027767,Attending,Yes
B959708,16/03/2021,A1027768,Attending,Yes
B959788,17/03/2021,A1027848,Attending,Yes
B959795,17/03/2021,A1027855,Attending,Yes
B959801,17/03/2021,A1027861,Attending,Yes
B959811,17/03/2021,A1027871,Attending,Yes
B959820,17/03/2021,A1027881,Attending,Yes
B959825,17/03/2021,A1027887,Attending,Yes
B959844,17/03/2021,A1027907,Attending,Yes
B959846,17/03/2021,A1027909,Attending,Yes
B959847,17/03/2021,A1027910,Attending,Yes
B959874,17/03/2021,A1027938,Attending,Yes
B959874,17/03/2021,A1027939,Attending,Yes
B959882,17/03/2021,A1027947,Attending,Yes
B959911,17/03/2021,A1027976,Attending,Yes
B959920,17/03/2021,A1027985,Attending,Yes
B959923,17/03/2021,A1027988,Attending,Yes
B959924,17/03/2021,A1027989,Attending,Yes
B959926,17/03/2021,A1027991,Attending,Yes
B959929,17/03/2021,A1027994,Attending,Yes
B959931,17/03/2021,A1027996,Attending,Yes
B959936,17/03/2021,A1028001,Attending,Yes
B959962,17/03/2021,A1028027,Attending,Yes
B959963,17/03/2021,A1028028,Attending,Yes
B959971,17/03/2021,A1028036,Attending,Yes
B960030,17/03/2021,A1028095,Attending,Yes
B960101,17/03/2021,A1028166,Attending,Yes
B960160,17/03/2021,A1028225,Attending,Yes
B960223,17/03/2021,A1028294,Attending,Yes
B960419,18/03/2021,A1028490,Attending,Yes
B960432,18/03/2021,A1028503,Attending,Yes
B960432,18/03/2021,A1028504,Attending,Yes
B960439,18/03/2021,A1028511,Attending,Yes
B960458,18/03/2021,A1028530,Attending,Yes
B960469,18/03/2021,A1028541,Attending,Yes
B960481,18/03/2021,A1028553,Attending,Yes
B960618,18/03/2021,A1028694,Attending,Yes
B960639,18/03/2021,A1028716,Attending,Yes
B960640,18/03/2021,A1028717,Attending,Yes
B960644,18/03/2021,A1028721,Attending,Yes
B960749,18/03/2021,A1028826,Attending,Yes
B960752,18/03/2021,A1028829,Attending,Yes
B960761,18/03/2021,A1028838,Attending,Yes
B960849,18/03/2021,A1028927,Attending,Yes
B960849,18/03/2021,A1028928,Attending,Yes
B960853,18/03/2021,A1028932,Attending,Yes
B961105,19/03/2021,A1029187,Attending,Yes
B961111,19/03/2021,A1029193,Attending,Yes
B961121,19/03/2021,A1029204,Attending,Yes
B961129,19/03/2021,A1029212,Attending,Yes
B961134,19/03/2021,A1029217,Attending,Yes
B961136,19/03/2021,A1029219,Attending,Yes
B961147,19/03/2021,A1029230,Attending,Yes
B961176,19/03/2021,A1029259,Attending,Yes
B961177,19/03/2021,A1029260,Attending,Yes
B961189,19/03/2021,A1029272,Attending,Yes
B961191,19/03/2021,A1029274,Attending,Yes
B961227,19/03/2021,A1029310,Attending,Yes
B961229,19/03/2021,A1029312,Attending,Yes
B961269,19/03/2021,A1029352,Attending,Yes
B961275,19/03/2021,A1029358,Attending,Yes
B961290,19/03/2021,A1029373,Attending,Yes
B961737,22/03/2021,A1029820,Attending,Yes
B961737,22/03/2021,A1029821,Attending,Yes
B961740,22/03/2021,A1029824,Attending,Yes
B961745,22/03/2021,A1029830,Attending,Yes
B961753,22/03/2021,A1029838,Attending,Yes
B961755,22/03/2021,A1029840,Attending,Yes
B961766,22/03/2021,A1029851,Attending,Yes
B961775,22/03/2021,A1029860,Attending,Yes
B961781,22/03/2021,A1029866,Attending,Yes
B961786,22/03/2021,A1029871,Attending,Yes
B961791,22/03/2021,A1029876,Attending,Yes
B961810,22/03/2021,A1029895,Attending,Yes
B961819,22/03/2021,A1029904,Attending,Yes
B961825,22/03/2021,A1029910,Attending,Yes
B961830,22/03/2021,A1029915,Attending,Yes
B961848,22/03/2021,A1029933,Attending,Yes
B961866,22/03/2021,A1029951,Attending,Yes
B961868,22/03/2021,A1029953,Attending,Yes
B961884,22/03/2021,A1029969,Attending,Yes
B961912,22/03/2021,A1029997,Attending,Yes
B961914,22/03/2021,A1029999,Attending,Yes
B961916,22/03/2021,A1030001,Attending,Yes
B961917,22/03/2021,A1030002,Attending,Yes
B961917,22/03/2021,A1030003,Attending,Yes
B961920,22/03/2021,A1030006,Attending,Yes
B961937,22/03/2021,A1030023,Attending,Yes
B961940,22/03/2021,A1030026,Attending,Yes
B961948,22/03/2021,A1030034,Attending,Yes
B961951,22/03/2021,A1030037,Attending,Yes
B961975,22/03/2021,A1030061,Attending,Yes
B961992,22/03/2021,A1030078,Attending,Yes
B962003,22/03/2021,A1030089,Attending,Yes
B962010,22/03/2021,A1030096,Attending,Yes
B962020,22/03/2021,A1030106,Attending,Yes
B962034,22/03/2021,A1030120,Attending,Yes
B962130,22/03/2021,A1030216,Attending,Yes
B962130,22/03/2021,A1030217,Attending,Yes
B962191,23/03/2021,A1030278,Attending,Yes
B962206,23/03/2021,A1030294,Attending,Yes
B962208,23/03/2021,A1030296,Attending,Yes
B962209,23/03/2021,A1030297,Attending,Yes
B962210,23/03/2021,A1030298,Attending,Yes
B962248,23/03/2021,A1030336,Attending,Yes
B962251,23/03/2021,A1030339,Attending,Yes
B962252,23/03/2021,A1030340,Attending,Yes
B962255,23/03/2021,A1030343,Attending,Yes
B962266,23/03/2021,A1030354,Attending,Yes
B962272,23/03/2021,A1030360,Attending,Yes
B962273,23/03/2021,A1030361,Attending,Yes
B962278,23/03/2021,A1030366,Attending,Yes
B962308,23/03/2021,A1030396,Attending,Yes
B962329,23/03/2021,A1030417,Attending,Yes
B962341,23/03/2021,A1030429,Attending,Yes
B962356,23/03/2021,A1030445,Attending,Yes
B962358,23/03/2021,A1030447,Attending,Yes
B962380,23/03/2021,A1030469,Attending,Yes
B962396,23/03/2021,A1030485,Attending,Yes
B962408,23/03/2021,A1030497,Attending,Yes
B962422,23/03/2021,A1030511,Attending,Yes
B962426,23/03/2021,A1030515,Attending,Yes
B962430,23/03/2021,A1030519,Attending,Yes
B962443,23/03/2021,A1030532,Attending,Yes
B962461,23/03/2021,A1030550,Attending,Yes
B962465,23/03/2021,A1030554,Attending,Yes
B962500,23/03/2021,A1030589,Attending,Yes
B962502,23/03/2021,A1030591,Attending,Yes
B962506,23/03/2021,A1030595,Attending,Yes
B962525,23/03/2021,A1030614,Attending,Yes
B962652,24/03/2021,A1030741,Attending,Yes
B962655,24/03/2021,A1030744,Attending,Yes
B962806,24/03/2021,A1030896,Attending,Yes
B962807,24/03/2021,A1030897,Attending,Yes
B962809,24/03/2021,A1030899,Attending,Yes
B962811,24/03/2021,A1030901,Attending,Yes
B962812,24/03/2021,A1030902,Attending,Yes
B962842,24/03/2021,A1030932,Attending,Yes
